simtime,current_action,reward,load,FM_state,packets_per_frame,QoE,frame_loss,last_mowdg,RTT,lastthreshold,quadraticsum_mowdg
0.52284,0,4.64355e-310,9.8e+07,20,94,4.05326,0,-0.000156111,0.00235194,7.40679e-07,8.10226e-06
0.62284,0,4.64355e-310,9.604e+07,20,92,4.07152,0,-0.000112111,0.00238772,8.74973e-07,1.29273e-06
0.72284,0,3.90905,9.41192e+07,19,91,4.06479,0,-0.000404111,0.00299303,1.13795e-06,3.79884e-06
0.82284,0,3.91361,9.22368e+07,19,89,4.06959,0,-1.71111e-05,0.00260545,1.32291e-06,2.01074e-06
0.92284,1,3.91614,9.22368e+07,19,89,4.07226,0,1.9889e-05,0.00285664,1.46387e-06,1.01928e-06
1.02284,1,3.91338,9.22368e+07,19,89,4.06935,0,0.000204889,0.00201701,1.674e-06,2.10092e-06
1.12284,1,3.91014,9.22368e+07,19,89,4.06594,0,-0.00044411,0.00268239,1.8982e-06,3.36914e-06
1.22284,1,3.91312,9.22368e+07,19,89,4.06908,0,0.000551888,0.00236696,2.08564e-06,2.20202e-06
1.32284,1,3.91642,9.22368e+07,19,89,4.07255,0,-0.000345111,0.00225858,2.24327e-06,9.10063e-07
1.42284,1,3.91637,9.22368e+07,19,89,4.07249,0,0.000333889,0.0023848,2.35458e-06,9.31969e-07
1.52284,1,3.91573,9.22368e+07,19,89,4.07182,0,-2.61111e-05,0.0030441,2.47711e-06,1.18028e-06
1.62284,1,3.9149,9.22368e+07,19,89,4.07095,0,-6.9111e-05,0.00245911,2.6386e-06,1.50557e-06
1.72284,1,3.91248,9.22368e+07,19,89,4.0684,0,-0.000673111,0.00243692,2.86891e-06,2.45226e-06
1.82284,1,3.8999,9.22368e+07,19,89,4.05516,0,-0.00155211,0.00336593,3.2185e-06,7.39248e-06
1.92284,1,3.90105,9.22368e+07,19,89,4.05636,0,3.08878e-05,0.0023238,3.53995e-06,6.94208e-06
2.02284,1,3.90277,9.22368e+07,19,89,4.05818,0,-3.81108e-05,0.00250817,3.80839e-06,6.26398e-06
2.12284,1,3.90961,9.22368e+07,19,89,4.06538,0,0.000560887,0.00251549,4.08994e-06,3.579e-06
2.22284,1,3.91622,9.22368e+07,19,89,4.07234,0,-0.00039711,0.00259602,4.23748e-06,9.89152e-07
2.32284,1,3.91366,9.22368e+07,19,89,4.06964,0,-0.00049211,0.00266542,4.44552e-06,1.99086e-06
2.42284,1,3.905,9.22368e+07,19,89,4.06053,0,-0.00046111,0.00266024,4.6714e-06,5.38746e-06
2.52284,1,3.91114,9.22368e+07,19,89,4.06699,0,-5.11117e-05,0.00202383,4.91216e-06,2.97976e-06
2.62284,1,3.9065,9.22368e+07,19,89,4.0621,0,0.000341887,0.00245862,5.14318e-06,4.79932e-06
2.72284,0,3.91186,9.03921e+07,19,87,4.06774,0,-0.000152111,0.00244736,5.39856e-06,2.69772e-06
2.82284,1,3.91207,9.03921e+07,19,87,4.06797,0,-0.00106711,0.00237615,5.6379e-06,2.61266e-06
2.92284,1,3.91141,9.03921e+07,19,87,4.06727,0,-0.00069411,0.00266953,5.83054e-06,2.87441e-06
3.02284,1,3.91572,9.03921e+07,19,87,4.07181,0,-0.000418111,0.00273603,6.02099e-06,1.18548e-06
3.12284,1,3.91254,9.03921e+07,19,87,4.06846,0,0.000719888,0.0027363,6.204e-06,2.43168e-06
3.22284,1,3.91517,9.03921e+07,19,87,4.07123,0,-0.00077911,0.0030437,6.35035e-06,1.39964e-06
3.32284,0,3.91275,8.85842e+07,18,85,4.07132,0,-0.000115111,0.00241667,6.52282e-06,1.36804e-06
3.42284,0,3.90842,8.68126e+07,18,84,4.06676,0,3.78892e-05,0.00237591,6.72615e-06,3.06599e-06
3.52284,0,3.91401,8.50763e+07,18,82,4.07264,0,7.88889e-05,0.00233629,6.8354e-06,8.76673e-07
3.62284,0,3.90382,8.33748e+07,17,80,4.06454,0,-0.000176111,0.00209707,7.1223e-06,3.88982e-06
3.72284,0,3.8958,8.17073e+07,17,79,4.05611,0,0.000168888,0.00243978,7.4599e-06,7.03765e-06
3.82284,0,3.90604,8.00731e+07,17,77,4.06688,0,-0.000204111,0.00209129,7.67711e-06,3.01894e-06
3.92284,0,3.90381,7.84717e+07,16,76,4.06717,0,-1.2112e-05,0.00295077,7.90192e-06,2.91302e-06
4.02284,0,3.90123,7.69022e+07,16,74,4.06445,0,-0.00046011,0.00228866,8.17003e-06,3.92409e-06
4.12284,0,3.90723,7.53642e+07,16,73,4.07077,0,-3.81117e-05,0.00230945,8.34358e-06,1.57335e-06
4.22284,0,3.90333,7.38569e+07,15,71,4.0693,0,0.000368888,0.00244197,8.51659e-06,2.11909e-06
4.32284,0,3.9052,7.23798e+07,15,70,4.07127,0,-0.000322111,0.00227953,8.72039e-06,1.38727e-06
4.42284,1,3.90616,7.23798e+07,15,70,4.07228,0,0.000306889,0.00285741,8.82438e-06,1.01217e-06
4.52284,0,3.90081,7.09322e+07,15,68,4.06664,0,-0.00067611,0.00210947,9.08699e-06,3.10843e-06
4.62284,0,3.90178,6.95135e+07,14,67,4.0703,0,0.000495889,0.00256141,9.25561e-06,1.74687e-06
4.72284,0,3.90304,6.81233e+07,14,66,4.07162,0,-0.000154111,0.00212485,9.4131e-06,1.25542e-06
4.82284,0,3.89837,6.67608e+07,14,64,4.0667,0,0.000137888,0.00264719,9.65415e-06,3.08478e-06
4.92284,0,3.90333,6.54256e+07,14,63,4.07193,0,-0.000382111,0.00260772,9.77127e-06,1.1401e-06
5.02284,0,3.88089,6.41171e+07,13,62,4.05093,0,-0.000215113,0.0023455,1.01916e-05,8.97375e-06
5.12284,0,3.89683,6.28347e+07,13,61,4.06772,0,-0.000389111,0.00238929,1.04166e-05,2.70843e-06
5.22284,0,3.9004,6.1578e+07,13,59,4.07147,0,-0.00076011,0.00223575,1.05605e-05,1.31052e-06
5.32284,0,3.89469,6.03465e+07,13,58,4.06546,0,0.000758888,0.0025132,1.07511e-05,3.54849e-06
5.42284,0,3.89757,5.91395e+07,12,57,4.07113,0,0.000351889,0.00204568,1.09268e-05,1.43862e-06
5.52284,0,3.89763,5.79568e+07,12,56,4.07119,0,-0.000118111,0.00224872,1.10981e-05,1.41484e-06
5.62284,0,3.89836,5.67976e+07,12,55,4.07196,0,-0.000405111,0.00260376,1.12238e-05,1.12862e-06
5.72284,0,3.88407,5.56617e+07,12,54,4.05691,0,-0.00155311,0.0024882,1.15515e-05,6.73713e-06
5.82284,0,3.89644,5.45484e+07,11,53,4.07257,0,8.08884e-05,0.00190585,1.16609e-05,9.03579e-07
5.92284,0,3.89046,5.34575e+07,11,52,4.06627,0,-0.00049411,0.00206416,1.18632e-05,3.24701e-06
6.02284,0,3.89379,5.23883e+07,11,51,4.06977,0,-0.000117111,0.00160693,1.20521e-05,1.94239e-06
6.12284,1,3.88584,5.23883e+07,11,51,4.06141,0,0.000352887,0.00256056,1.22913e-05,5.05656e-06
6.22284,1,3.89527,5.23883e+07,11,51,4.07134,0,0.000102889,0.00198157,1.24374e-05,1.36103e-06
6.32284,1,3.89111,5.23883e+07,11,51,4.06696,0,1.88885e-05,0.00248018,1.2649e-05,2.99012e-06
6.42284,0,3.89753,5.13405e+07,11,50,4.07372,0,-0.000242111,0.00257443,1.2704e-05,4.76125e-07
6.52284,0,3.89422,5.03137e+07,11,49,4.07024,0,-0.000253111,0.00167246,1.28933e-05,1.77031e-06
6.62284,0,3.88809,4.93075e+07,10,48,4.06641,0,4.08888e-05,0.00212991,1.30685e-05,3.19372e-06
6.72284,0,3.891,4.83213e+07,10,47,4.06948,0,-0.000319111,0.0017592,1.32771e-05,2.05252e-06
6.82284,0,3.88861,4.73549e+07,10,46,4.06696,0,-4.71114e-05,0.00202092,1.35107e-05,2.98951e-06
6.92284,0,3.89011,4.64078e+07,10,45,4.06854,0,-0.000216111,0.00187269,1.36989e-05,2.40344e-06
7.02284,0,3.8921,4.54796e+07,10,44,4.07063,0,0.000191888,0.00164771,1.38437e-05,1.6222e-06
7.12284,0,3.88724,4.457e+07,9,43,4.06815,0,0.00122589,0.0023744,1.39444e-05,2.54602e-06
7.22284,0,3.88955,4.36786e+07,9,42,4.07058,0,0.000252889,0.00271311,1.4134e-05,1.64374e-06
7.32284,0,3.89229,4.28051e+07,9,42,4.07346,0,6.08886e-05,0.00162655,1.42266e-05,5.72404e-07
7.42284,0,3.89327,4.1949e+07,9,41,4.0745,0,0.000291889,0.00216957,1.42679e-05,1.86399e-07
7.52284,0,3.89288,4.111e+07,9,40,4.07408,0,4.38888e-05,0.00237775,1.43389e-05,3.40107e-07
7.62284,0,3.88609,4.02878e+07,9,39,4.06694,0,9.18887e-05,0.00165705,1.44969e-05,2.9983e-06
7.72284,0,3.88899,3.9482e+07,8,38,4.07262,0,-2.81112e-05,0.00190831,1.46077e-05,8.84425e-07
7.82284,0,3.88926,3.86924e+07,8,38,4.07291,0,-0.000400111,0.00172549,1.47066e-05,7.7787e-07
7.92284,0,3.88911,3.79185e+07,8,37,4.07275,0,-1.11119e-06,0.00201342,1.48261e-05,8.35744e-07
8.02284,0,3.89058,3.71602e+07,8,36,4.0743,0,-0.000254111,0.00231577,1.48763e-05,2.60053e-07
8.12284,0,3.89003,3.6417e+07,8,35,4.07371,0,-0.000146111,0.00181866,1.49726e-05,4.78535e-07
8.22284,0,3.89026,3.56886e+07,8,35,4.07395,0,-0.000228111,0.00181378,1.50479e-05,3.88626e-07
8.32284,0,3.886,3.49749e+07,7,34,4.0721,0,-2.01111e-05,0.00160521,1.51506e-05,1.07722e-06
8.42284,0,3.88101,3.42754e+07,7,33,4.06685,0,-0.00081311,0.00230031,1.53621e-05,3.03003e-06
8.52284,1,3.88694,3.42754e+07,7,33,4.0731,0,0.000195888,0.00189697,1.54466e-05,7.0757e-07
8.62284,1,3.88077,3.42754e+07,7,33,4.0666,0,-8.11148e-06,0.00203098,1.56243e-05,3.12526e-06
8.72284,1,3.88244,3.42754e+07,7,33,4.06835,0,-0.00060511,0.00164394,1.57995e-05,2.47051e-06
8.82284,1,3.88751,3.42754e+07,7,33,4.07369,0,-0.000328111,0.00219199,1.58739e-05,4.86428e-07
8.92284,1,3.88655,3.42754e+07,7,33,4.07269,0,-0.000193111,0.00154189,1.59893e-05,8.58554e-07
9.02284,1,3.88636,3.42754e+07,7,33,4.07248,0,5.38889e-05,0.00164861,1.60921e-05,9.34425e-07
9.12284,1,3.8849,3.42754e+07,7,33,4.07095,0,-0.000980111,0.00190113,1.6233e-05,1.50599e-06
9.22284,1,3.87267,3.42754e+07,7,33,4.05807,0,-6.91109e-05,0.00183084,1.64744e-05,6.30511e-06
9.32284,1,3.88683,3.42754e+07,7,33,4.07298,0,-0.00058011,0.00177433,1.65764e-05,7.498e-07
9.42284,1,3.88744,3.42754e+07,7,33,4.07362,0,0.000128889,0.00185501,1.66443e-05,5.13682e-07
9.52284,1,3.88465,3.42754e+07,7,33,4.07068,0,1.78887e-05,0.0017898,1.68105e-05,1.60546e-06
9.62284,1,3.88788,3.42754e+07,7,33,4.07408,0,8.78887e-05,0.00190356,1.68816e-05,3.40567e-07
9.72284,1,3.88316,3.42754e+07,7,33,4.06912,0,-1.11127e-06,0.00258909,1.70171e-05,2.18719e-06
9.82284,1,3.88711,3.42754e+07,7,33,4.07328,0,-7.7111e-05,0.00158695,1.71238e-05,6.39823e-07
9.92284,1,3.88868,3.42754e+07,7,33,4.07492,0,4.98889e-05,0.00192078,1.71361e-05,2.87939e-08
10.0228,1,3.88425,3.42754e+07,7,33,4.07026,0,0.000124889,0.00175833,1.72817e-05,1.76103e-06
10.1228,1,3.88708,3.42754e+07,7,33,4.07324,0,-0.000452111,0.00172472,1.7396e-05,6.52146e-07
10.2228,0,3.8845,3.35899e+07,7,33,4.07053,0,3.88885e-05,0.00201354,1.75551e-05,1.66089e-06
10.3228,0,3.88808,3.29181e+07,7,32,4.07429,0,0.000162889,0.00154021,1.76126e-05,2.63478e-07
10.4228,0,3.87999,3.22597e+07,7,31,4.06578,0,-0.00140911,0.00214504,1.77724e-05,3.4279e-06
10.5228,0,3.88743,3.16145e+07,7,31,4.07361,0,-0.000230111,0.00188525,1.78444e-05,5.15685e-07
10.6228,1,3.88718,3.16145e+07,7,31,4.07335,0,0.000364889,0.00185283,1.79234e-05,6.14058e-07
10.7228,1,3.88647,3.16145e+07,7,31,4.0726,0,-1.41111e-05,0.00210886,1.80663e-05,8.93384e-07
10.8228,1,3.88831,3.16145e+07,7,31,4.07454,0,-0.000217111,0.0017528,1.81217e-05,1.72215e-07
10.9228,1,3.88059,3.16145e+07,7,31,4.06641,0,-0.000354111,0.00202549,1.83012e-05,3.19476e-06
11.0228,1,3.88768,3.16145e+07,7,31,4.07387,0,7.08889e-05,0.00172211,1.83769e-05,4.18517e-07
11.1228,1,3.88644,3.16145e+07,7,31,4.07257,0,0.000365889,0.00195919,1.84744e-05,9.02044e-07
11.2228,1,3.88768,3.16145e+07,7,31,4.07387,0,-8.9111e-05,0.00149092,1.85805e-05,4.19085e-07
11.3228,1,3.88848,3.16145e+07,7,31,4.07472,0,0.000210889,0.0019811,1.8601e-05,1.04594e-07
11.4228,1,3.88292,3.16145e+07,7,31,4.06886,0,-0.000287111,0.0019389,1.87642e-05,2.28068e-06
11.5228,1,3.8886,3.16145e+07,7,31,4.07484,0,9.28889e-05,0.00182729,1.8788e-05,6.03601e-08
11.6228,1,3.88765,3.16145e+07,7,31,4.07384,0,-0.000289111,0.00217837,1.88486e-05,4.30126e-07
11.7228,1,3.88851,3.16145e+07,7,31,4.07475,0,-2.81111e-05,0.00171695,1.8894e-05,9.29015e-08
11.8228,1,3.88755,3.16145e+07,7,31,4.07374,0,0.000148889,0.00218989,1.89482e-05,4.67634e-07
11.9228,1,3.88713,3.16145e+07,7,31,4.07329,0,6.48888e-05,0.00156326,1.90573e-05,6.34193e-07
12.0228,1,3.8853,3.16145e+07,7,31,4.07136,0,0.000330889,0.00242914,1.91709e-05,1.35089e-06
12.1228,1,3.88764,3.16145e+07,7,31,4.07383,0,1.88888e-05,0.00228303,1.92779e-05,4.34033e-07
12.2228,1,3.88858,3.16145e+07,7,31,4.07482,0,0.000126889,0.00182601,1.92953e-05,6.618e-08
12.3228,1,3.88664,3.16145e+07,7,31,4.07278,0,-0.000319111,0.0014268,1.94264e-05,8.26521e-07
12.4228,1,3.88855,3.16145e+07,7,31,4.07479,0,7.48889e-05,0.00226043,1.94431e-05,7.91788e-08
12.5228,1,3.88606,3.16145e+07,7,31,4.07217,0,-0.000187111,0.00225122,1.95774e-05,1.05094e-06
12.6228,1,3.88713,3.16145e+07,7,31,4.07329,0,7.78889e-05,0.00182269,1.96603e-05,6.34368e-07
12.7228,1,3.88713,3.16145e+07,7,31,4.07329,0,-2.21112e-05,0.00180268,1.97373e-05,6.33762e-07
12.8228,1,3.88427,3.16145e+07,7,31,4.07028,0,-0.000870111,0.00165104,1.98936e-05,1.75404e-06
12.9228,1,3.83475,3.16145e+07,7,31,4.01816,0,1.18833e-05,0.00194547,2.0338e-05,2.13093e-05
13.0228,1,3.87898,3.16145e+07,7,31,4.06472,0,0.000176888,0.00168234,2.05536e-05,3.82531e-06
13.1228,1,3.88844,3.16145e+07,7,31,4.07468,0,-2.61111e-05,0.00172062,2.05936e-05,1.20184e-07
13.2228,0,3.85549,3.09822e+07,7,30,4.03999,0,0.000148889,0.00176264,2.0836e-05,1.30766e-05
13.3228,0,3.88487,3.03626e+07,7,30,4.07091,0,1.68884e-05,0.00175802,2.09821e-05,1.5191e-06
13.4228,0,3.88543,2.97553e+07,6,29,4.07414,0,-0.000166111,0.00175587,2.1048e-05,3.20664e-07
13.5228,0,3.88189,2.91602e+07,6,28,4.07041,0,-0.00053311,0.00160295,2.12018e-05,1.70414e-06
13.6228,0,3.88363,2.8577e+07,6,28,4.07224,0,-0.000417111,0.00143735,2.13283e-05,1.02368e-06
13.7228,0,3.88446,2.80055e+07,6,27,4.07311,0,-0.000446111,0.00156245,2.14243e-05,7.00495e-07
13.8228,0,3.8853,2.74454e+07,6,27,4.074,0,-0.000159111,0.00150844,2.14852e-05,3.71781e-07
13.9228,0,3.88228,2.68964e+07,6,26,4.07083,0,-4.11109e-06,0.00214419,2.16286e-05,1.55139e-06
14.0228,0,3.88557,2.63585e+07,6,26,4.07428,0,-3.91112e-05,0.00191341,2.16768e-05,2.66209e-07
14.1228,0,3.88476,2.58313e+07,6,25,4.07344,0,0.000150889,0.00245748,2.17662e-05,5.80664e-07
14.2228,0,3.86122,2.53147e+07,6,25,4.04865,0,0.000114888,0.00180308,2.20436e-05,9.8269e-06
14.3228,1,3.88526,2.53147e+07,6,25,4.07396,0,0.000247889,0.00211727,2.20883e-05,3.8765e-07
14.4228,0,3.88091,2.48084e+07,5,24,4.07201,0,-2.61115e-05,0.00166206,2.22402e-05,1.11069e-06
14.5228,0,3.8662,2.43123e+07,5,24,4.05653,0,-0.000273111,0.00175475,2.24845e-05,6.88104e-06
14.6228,0,3.88184,2.3826e+07,5,23,4.07299,0,-0.000149111,0.00145438,2.25847e-05,7.45527e-07
14.7228,0,3.88215,2.33495e+07,5,23,4.07332,0,-0.00052411,0.00200946,2.26634e-05,6.25371e-07
14.8228,0,3.88028,2.28825e+07,5,22,4.07135,0,-4.41111e-05,0.00257607,2.27948e-05,1.35645e-06
14.9228,0,3.88349,2.24249e+07,5,22,4.07472,0,5.68889e-05,0.00153365,2.28219e-05,1.02618e-07
15.0228,0,3.881,2.19764e+07,5,22,4.07211,0,0.000506889,0.00200777,2.29154e-05,1.07423e-06
15.1228,0,3.88232,2.15368e+07,5,21,4.07349,0,0.000213889,0.00140597,2.30257e-05,5.59893e-07
15.2228,0,3.88252,2.11061e+07,5,21,4.0737,0,0.000430889,0.00199876,2.30761e-05,4.81981e-07
15.3228,1,3.8826,2.11061e+07,5,21,4.07379,0,0.000146889,0.002058,2.31806e-05,4.48275e-07
15.4228,1,3.88308,2.11061e+07,5,21,4.07429,0,-0.000300111,0.00169356,2.32329e-05,2.63507e-07
15.5228,1,3.88131,2.11061e+07,5,21,4.07243,0,-7.01112e-05,0.00176862,2.33432e-05,9.55378e-07
15.6228,1,3.87092,2.11061e+07,5,21,4.06149,0,0.000424889,0.00182167,2.35558e-05,5.02815e-06
15.7228,1,3.88174,2.11061e+07,5,21,4.07288,0,1.08889e-05,0.00144599,2.36614e-05,7.87204e-07
15.8228,1,3.88341,2.11061e+07,5,21,4.07465,0,3.68888e-05,0.00186255,2.37011e-05,1.31218e-07
15.9228,1,3.88184,2.11061e+07,5,21,4.07299,0,0.000283889,0.00236676,2.38014e-05,7.46918e-07
16.0228,1,3.88216,2.11061e+07,5,21,4.07333,0,8.8889e-06,0.00154456,2.38888e-05,6.21851e-07
16.1228,1,3.87866,2.11061e+07,5,21,4.06964,0,0.00122189,0.00204833,2.39672e-05,1.99343e-06
16.2228,1,3.88085,2.11061e+07,5,21,4.07194,0,-1.4111e-05,0.00165702,2.4139e-05,1.13586e-06
16.3228,0,3.88283,2.0684e+07,5,20,4.07403,0,1.68889e-05,0.00142718,2.42001e-05,3.59719e-07
16.4228,0,3.88338,2.02703e+07,5,20,4.07461,0,7.58889e-05,0.00148348,2.42378e-05,1.43002e-07
16.5228,1,3.87957,2.02703e+07,5,20,4.0706,0,0.000734889,0.00195038,2.4346e-05,1.63649e-06
16.6228,1,3.88213,2.02703e+07,5,20,4.07329,0,-0.000151111,0.00181528,2.44457e-05,6.35196e-07
16.7228,1,3.88215,2.02703e+07,5,20,4.07332,0,-0.000361111,0.00151702,2.45265e-05,6.24796e-07
16.8228,1,3.8834,2.02703e+07,5,20,4.07463,0,-0.000196111,0.00132334,2.45557e-05,1.38496e-07
16.9228,1,3.87913,2.02703e+07,5,20,4.07014,0,8.78888e-05,0.00153632,2.4714e-05,1.80618e-06
17.0228,1,3.88328,2.02703e+07,5,20,4.0745,0,0.000256889,0.00162736,2.47485e-05,1.8439e-07
17.1228,1,3.87923,2.02703e+07,5,20,4.07024,0,-2.11107e-06,0.0017251,2.49151e-05,1.76829e-06
17.2228,1,3.88101,2.02703e+07,5,20,4.07211,0,-4.21112e-05,0.00169793,2.50355e-05,1.07268e-06
17.3228,1,3.88115,2.02703e+07,5,20,4.07226,0,4.48889e-05,0.00152681,2.51338e-05,1.01706e-06
17.4228,1,3.88054,2.02703e+07,5,20,4.07162,0,-8.71111e-05,0.00152946,2.5268e-05,1.25561e-06
17.5228,1,3.88255,2.02703e+07,5,20,4.07374,0,0.000196889,0.00160734,2.53395e-05,4.69097e-07
17.6228,1,3.88351,2.02703e+07,5,20,4.07475,0,-4.61111e-05,0.00159183,2.53726e-05,9.41474e-08
17.7228,1,3.88303,2.02703e+07,5,20,4.07424,0,-0.000372111,0.00136996,2.54323e-05,2.81597e-07
17.8228,1,3.87553,2.02703e+07,5,20,4.06635,0,3.68883e-05,0.00175286,2.56138e-05,3.21768e-06
17.9228,1,3.88269,2.02703e+07,5,20,4.07388,0,-2.01112e-05,0.00187566,2.56878e-05,4.14681e-07
18.0228,1,3.88123,2.02703e+07,5,20,4.07234,0,-0.000118111,0.00162913,2.57882e-05,9.86701e-07
18.1228,1,3.87805,2.02703e+07,5,20,4.069,0,0.000749888,0.00222266,2.59474e-05,2.23024e-06
18.2228,1,3.8829,2.02703e+07,5,20,4.0741,0,1.98889e-05,0.00232513,2.60043e-05,3.34004e-07
18.3228,1,3.88277,2.02703e+07,5,20,4.07397,0,-0.000126111,0.00150303,2.60793e-05,3.82092e-07
18.4228,1,3.8817,2.02703e+07,5,20,4.07285,0,-8.6111e-05,0.00166186,2.6181e-05,7.99737e-07
18.5228,1,3.88165,2.02703e+07,5,20,4.07279,0,-0.000107111,0.00150817,2.62795e-05,8.21704e-07
18.6228,1,3.883,2.02703e+07,5,20,4.07421,0,0.000256889,0.00172588,2.63192e-05,2.94597e-07
18.7228,1,3.88349,2.02703e+07,5,20,4.07472,0,4.48889e-05,0.00161076,2.63528e-05,1.02601e-07
18.8228,1,3.88305,2.02703e+07,5,20,4.07426,0,-0.000300111,0.001559,2.6406e-05,2.75484e-07
18.9228,1,3.88213,2.02703e+07,5,20,4.0733,0,-4.71111e-05,0.00172704,2.64867e-05,6.31567e-07
19.0228,1,3.88123,2.02703e+07,5,20,4.07235,0,0.000207889,0.0015867,2.65788e-05,9.85959e-07
19.1228,1,3.88131,2.02703e+07,5,20,4.07243,0,-4.21111e-05,0.00180706,2.6699e-05,9.54717e-07
19.2228,1,3.86899,2.02703e+07,5,20,4.05947,0,-0.000129111,0.00208148,2.69743e-05,5.78356e-06
19.3228,1,3.88303,2.02703e+07,5,20,4.07425,0,0.000174889,0.00180506,2.7006e-05,2.79621e-07
19.4228,1,3.88179,2.02703e+07,5,20,4.07293,0,-0.000214111,0.00155831,2.71432e-05,7.68139e-07
19.5228,1,3.88232,2.02703e+07,5,20,4.0735,0,-9.51112e-05,0.00210799,2.72152e-05,5.5745e-07
19.6228,0,3.88078,1.98649e+07,4,20,4.0745,0,9.78888e-05,0.00175031,2.72527e-05,1.84131e-07
19.7228,0,3.87978,1.94676e+07,4,19,4.07345,0,-0.000388111,0.00240984,2.73552e-05,5.75266e-07
19.8228,0,3.86835,1.90782e+07,4,19,4.06142,0,-0.00044511,0.0017939,2.76415e-05,5.05282e-06
19.9228,0,3.88058,1.86967e+07,4,18,4.07429,0,4.78887e-05,0.00133924,2.77094e-05,2.62709e-07
20.0228,0,3.87903,1.83227e+07,4,18,4.07266,0,2.28889e-05,0.00149316,2.7789e-05,8.68148e-07
20.1228,0,3.8799,1.79563e+07,4,18,4.07358,0,-6.1111e-06,0.00182382,2.78547e-05,5.28264e-07
20.2228,0,3.88047,1.75972e+07,4,17,4.07418,0,2.98889e-05,0.00212524,2.79229e-05,3.04277e-07
20.3228,0,3.88081,1.72452e+07,4,17,4.07453,0,0.000111889,0.0019527,2.79666e-05,1.73657e-07
20.4228,0,3.87923,1.69003e+07,4,17,4.07287,0,-0.000372111,0.00174773,2.80832e-05,7.90161e-07
20.5228,0,3.88027,1.65623e+07,4,16,4.07397,0,0.000405889,0.00233498,2.81258e-05,3.8377e-07
20.6228,0,3.8791,1.62311e+07,4,16,4.07274,0,0.000131889,0.00177437,2.82565e-05,8.40127e-07
20.7228,0,3.87808,1.59064e+07,4,16,4.07167,0,-0.000624111,0.00180277,2.83788e-05,1.23825e-06
20.8228,0,3.87933,1.55883e+07,4,15,4.07298,0,-9.2111e-05,0.00149947,2.84826e-05,7.49922e-07
20.9228,0,3.87809,1.52765e+07,4,15,4.07168,0,-0.000536111,0.0019456,2.8614e-05,1.2352e-06
21.0228,0,3.87612,1.4971e+07,3,15,4.07223,0,7.88888e-06,0.00165835,2.87253e-05,1.02811e-06
21.1228,1,3.86984,1.4971e+07,3,15,4.06562,0,0.000510889,0.00200504,2.88854e-05,3.48856e-06
21.2228,1,3.83029,1.4971e+07,3,15,4.02399,0,-0.0013141,0.00170865,2.93963e-05,1.91073e-05
21.3228,1,3.87737,1.4971e+07,3,15,4.07355,0,1.38886e-05,0.00142549,2.94632e-05,5.38222e-07
21.4228,1,3.87786,1.4971e+07,3,15,4.07406,0,-0.000368111,0.00197099,2.95139e-05,3.49311e-07
21.5228,1,3.87851,1.4971e+07,3,15,4.07475,0,3.48888e-05,0.00158065,2.95478e-05,9.28265e-08
21.6228,1,3.87584,1.4971e+07,3,15,4.07193,0,7.0889e-05,0.00149937,2.96627e-05,1.13953e-06
21.7228,1,3.86782,1.4971e+07,3,15,4.0635,0,0.000159887,0.00196258,2.98703e-05,4.279e-06
21.8228,1,3.87812,1.4971e+07,3,15,4.07434,0,0.000303889,0.00183454,2.98976e-05,2.46447e-07
21.9228,1,3.87494,1.4971e+07,3,15,4.07099,0,-0.000158111,0.00170863,3.00797e-05,1.49153e-06
22.0228,1,3.87472,1.4971e+07,3,15,4.07076,0,-0.000223111,0.00177629,3.02015e-05,1.57501e-06
22.1228,1,3.87846,1.4971e+07,3,15,4.0747,0,-8.4111e-05,0.00176522,3.02181e-05,1.11607e-07
22.2228,1,3.87762,1.4971e+07,3,15,4.07381,0,0.000303889,0.00157704,3.02873e-05,4.42985e-07
22.3228,1,3.878,1.4971e+07,3,15,4.07421,0,0.000205889,0.00161503,3.03492e-05,2.92513e-07
22.4228,1,3.87859,1.4971e+07,3,15,4.07483,0,7.68889e-05,0.00137784,3.03702e-05,6.13408e-08
22.5228,0,3.87613,1.46716e+07,3,15,4.07224,0,0.000813889,0.00162076,3.04545e-05,1.0252e-06
22.6228,0,3.87564,1.43782e+07,3,14,4.07173,0,-4.51112e-05,0.00218456,3.06178e-05,1.21463e-06
22.7228,0,3.86772,1.40906e+07,3,14,4.06339,0,8.48887e-05,0.00153404,3.07892e-05,4.32098e-06
22.8228,0,3.8772,1.38088e+07,3,14,4.07337,0,0.000263889,0.00162061,3.08641e-05,6.04859e-07
22.9228,0,3.87843,1.35326e+07,3,13,4.07466,0,-7.11112e-06,0.00136506,3.08963e-05,1.25421e-07
23.0228,1,3.87757,1.35326e+07,3,13,4.07376,0,-0.000209111,0.00152587,3.09714e-05,4.61409e-07
23.1228,1,3.86549,1.35326e+07,3,13,4.06104,0,4.48891e-05,0.00150253,3.11706e-05,5.19621e-06
23.2228,1,3.87713,1.35326e+07,3,13,4.0733,0,-0.000172111,0.00184494,3.1281e-05,6.33197e-07
23.3228,1,3.87615,1.35326e+07,3,13,4.07226,0,-2.21111e-05,0.00164526,3.139e-05,1.01847e-06
23.4228,1,3.86365,1.35326e+07,3,13,4.05911,0,9.38888e-05,0.00213791,3.1596e-05,5.91787e-06
23.5228,1,3.8758,1.35326e+07,3,13,4.0719,0,0.000810888,0.00164781,3.16811e-05,1.15244e-06
23.6228,1,3.87603,1.35326e+07,3,13,4.07214,0,0.000162889,0.00207809,3.18084e-05,1.06394e-06
23.7228,1,3.87137,1.35326e+07,3,13,4.06723,0,-0.00120911,0.00188988,3.20183e-05,2.88827e-06
23.8228,1,3.87663,1.35326e+07,3,13,4.07277,0,-0.000261111,0.00150348,3.21363e-05,8.30106e-07
23.9228,0,3.87468,1.3262e+07,3,13,4.07072,0,-0.000134111,0.00150251,3.22818e-05,1.5907e-06
24.0228,0,3.87649,1.29967e+07,3,13,4.07262,0,-6.71109e-05,0.00172438,3.23583e-05,8.8413e-07
24.1228,0,3.87499,1.27368e+07,3,13,4.07104,0,-6.4111e-05,0.00144305,3.24998e-05,1.47214e-06
24.2228,0,3.87761,1.2482e+07,3,12,4.0738,0,3.88885e-06,0.00142671,3.25543e-05,4.44084e-07
24.3228,0,3.87631,1.22324e+07,3,12,4.07243,0,-2.01111e-05,0.00174931,3.26343e-05,9.54091e-07
24.4228,0,3.87768,1.19878e+07,3,12,4.07387,0,0.000327889,0.00207171,3.26867e-05,4.18099e-07
24.5228,0,3.87755,1.1748e+07,3,12,4.07374,0,-0.000243111,0.00137303,3.27798e-05,5.26504e-07
24.6228,0,3.87769,1.1513e+07,3,12,4.07389,0,3.88887e-06,0.00150733,3.2823e-05,4.13467e-07
24.7228,0,3.87761,1.12828e+07,3,11,4.0738,0,-0.000370111,0.00170013,3.29265e-05,4.45825e-07
24.8228,0,3.87578,1.10571e+07,3,11,4.07187,0,0.000361889,0.00133878,3.30177e-05,1.16327e-06
24.9228,0,3.87474,1.0836e+07,3,11,4.07078,0,0.000577889,0.001699,3.3135e-05,1.56854e-06
25.0228,0,3.87618,1.06193e+07,3,11,4.07229,0,-0.000455111,0.00153288,3.33066e-05,1.00518e-06
25.1228,0,3.86056,1.04069e+07,3,10,4.05585,0,0.000829888,0.00295798,3.35448e-05,7.13471e-06
25.2228,0,3.87364,1.01987e+07,3,10,4.06963,0,0.000179889,0.00190849,3.37132e-05,1.99784e-06
25.3228,1,3.87788,1.01987e+07,3,10,4.07409,0,-7.01111e-05,0.00150477,3.3756e-05,3.38505e-07
25.4228,1,3.87611,1.01987e+07,3,10,4.07222,0,0.000158889,0.00147751,3.38541e-05,1.03148e-06
25.5228,1,3.87711,1.01987e+07,3,10,4.07328,0,1.28889e-05,0.00240405,3.3945e-05,6.39854e-07
25.6228,1,3.87832,1.01987e+07,3,10,4.07454,0,-9.61111e-05,0.00160335,3.39744e-05,1.69482e-07
25.7228,1,3.87728,1.01987e+07,3,10,4.07346,0,-0.000155111,0.00152291,3.40629e-05,5.736e-07
25.8228,1,3.87701,1.01987e+07,3,10,4.07317,0,0.000319889,0.001877,3.41526e-05,6.8096e-07
25.9228,0,3.87109,9.99477e+06,2,10,4.06957,0,-0.000480111,0.00202976,3.43512e-05,2.01723e-06
26.0228,0,3.87366,9.79487e+06,2,10,4.07228,0,6.18887e-05,0.00184992,3.44383e-05,1.01164e-06
26.1228,0,3.87173,9.59897e+06,2,10,4.07025,0,0.000319889,0.00174168,3.4605e-05,1.76657e-06
26.2228,0,3.87476,9.40699e+06,2,10,4.07343,0,0.000114889,0.00182595,3.46949e-05,5.81669e-07
26.3228,0,3.87304,9.21885e+06,2,9,4.07162,0,0.000205889,0.00149512,3.48026e-05,1.2541e-06
26.4228,0,3.87345,9.03448e+06,2,9,4.07205,0,0.000369889,0.00129562,3.49466e-05,1.09623e-06
26.5228,1,3.87426,9.03448e+06,2,9,4.0729,0,-0.000390111,0.00132163,3.50628e-05,7.78886e-07
26.6228,1,3.87074,9.03448e+06,2,9,4.0692,0,-0.000787111,0.00139734,3.52341e-05,2.15711e-06
26.7228,1,3.87305,9.03448e+06,2,9,4.07163,0,0.000408889,0.00154614,3.53324e-05,1.25271e-06
26.8228,1,3.87246,9.03448e+06,2,9,4.07101,0,-0.000592111,0.00264914,3.54666e-05,1.48239e-06
26.9228,1,3.87242,9.03448e+06,2,9,4.07096,0,0.000566889,0.00169772,3.55775e-05,1.49964e-06
27.0228,1,3.87327,9.03448e+06,2,9,4.07186,0,0.000353889,0.00146599,3.57557e-05,1.16575e-06
27.1228,1,3.86557,9.03448e+06,2,9,4.06376,0,-0.000374111,0.00148566,3.60166e-05,4.18308e-06
27.2228,1,3.86705,9.03448e+06,2,9,4.06532,0,-0.00145711,0.00153647,3.62004e-05,3.60234e-06
27.3228,1,3.87269,9.03448e+06,2,9,4.07125,0,0.000230888,0.0012167,3.63219e-05,1.39274e-06
27.4228,1,3.87507,9.03448e+06,2,9,4.07375,0,-4.3111e-05,0.00130844,3.63883e-05,4.62892e-07
27.5228,1,3.87303,9.03448e+06,2,9,4.07161,0,-0.000534111,0.00172864,3.65451e-05,1.26083e-06
27.6228,1,3.87359,9.03448e+06,2,9,4.0722,0,0.000373889,0.00129312,3.66553e-05,1.04185e-06
27.7228,0,3.87186,8.85379e+06,2,9,4.07038,0,-0.00070511,0.00145461,3.6762e-05,1.71671e-06
27.8228,0,3.87404,8.67671e+06,2,9,4.07267,0,2.78888e-05,0.00123518,3.68633e-05,8.65785e-07
27.9228,1,3.87497,8.67671e+06,2,9,4.07366,0,0.000235889,0.00159814,3.69289e-05,4.98541e-07
28.0228,1,3.8704,8.67671e+06,2,9,4.06885,0,0.000255889,0.00223279,3.7143e-05,2.28811e-06
28.1228,1,3.87354,8.67671e+06,2,9,4.07215,0,0.000427889,0.00188284,3.72205e-05,1.06043e-06
28.2228,1,3.87032,8.67671e+06,2,9,4.06876,0,-0.000598111,0.00211954,3.74474e-05,2.31995e-06
28.3228,1,3.87454,8.67671e+06,2,9,4.0732,0,-0.000399111,0.00135245,3.75587e-05,6.69316e-07
28.4228,1,3.86849,8.67671e+06,2,9,4.06683,0,0.00143689,0.00247975,3.76519e-05,3.03888e-06
28.5228,1,3.86859,8.67671e+06,2,9,4.06694,0,-6.3111e-05,0.00136213,3.78897e-05,2.99683e-06
28.6228,1,3.87269,8.67671e+06,2,9,4.07125,0,-1.01111e-05,0.000999559,3.8019e-05,1.39339e-06
28.7228,1,3.87151,8.67671e+06,2,9,4.07001,0,-0.00077011,0.00148813,3.81659e-05,1.85482e-06
28.8228,1,3.87229,8.67671e+06,2,9,4.07083,0,0.000914888,0.00197151,3.827e-05,1.55038e-06
28.9228,1,3.85657,8.67671e+06,2,9,4.05428,0,-0.00015211,0.00187849,3.85317e-05,7.72114e-06
29.0228,1,3.87226,8.67671e+06,2,9,4.0708,0,-0.00055811,0.00134688,3.87292e-05,1.87331e-06
29.1228,1,3.87435,8.67671e+06,2,9,4.073,0,-0.000428111,0.00166945,3.88386e-05,7.41241e-07
29.2228,1,3.87473,8.67671e+06,2,9,4.0734,0,-1.51111e-05,0.00153479,3.88863e-05,5.9331e-07
29.3228,1,3.87319,8.67671e+06,2,9,4.07177,0,7.08886e-05,0.00138854,3.90189e-05,1.19857e-06
29.4228,1,3.87579,8.67671e+06,2,9,4.07451,0,-0.000244111,0.00160529,3.90622e-05,1.81462e-07
29.5228,1,3.86957,8.67671e+06,2,9,4.06797,0,0.00141889,0.00189699,3.91759e-05,2.61409e-06
29.6228,1,3.87233,8.67671e+06,2,9,4.07088,0,-0.000157111,0.00167161,3.93609e-05,1.53231e-06
29.7228,1,3.83908,8.67671e+06,2,9,4.03587,0,0.000440882,0.0021779,3.97103e-05,1.46255e-05
29.8228,1,3.87323,8.67671e+06,2,9,4.07182,0,-2.21114e-05,0.00173509,3.98448e-05,1.18207e-06
29.9228,1,3.87255,8.67671e+06,2,9,4.07111,0,0.000109889,0.00121127,4.00072e-05,1.44735e-06
30.0228,1,3.85732,8.67671e+06,2,9,4.05507,0,-0.000450109,0.00159128,4.02945e-05,7.42519e-06
30.1228,1,3.87141,8.67671e+06,2,9,4.06991,0,-0.00035511,0.00142687,4.0448e-05,1.89294e-06
30.2228,1,3.87187,8.67671e+06,2,9,4.07039,0,-5.61106e-05,0.00137675,4.05637e-05,1.71331e-06
30.3228,1,3.87471,8.67671e+06,2,9,4.07338,0,1.18889e-05,0.00159942,4.06229e-05,6.01894e-07
30.4228,1,3.87482,8.67671e+06,2,9,4.07349,0,-1.31109e-05,0.00123889,4.06878e-05,5.59609e-07
30.5228,1,3.87438,8.67671e+06,2,9,4.07304,0,-0.000448111,0.00147916,4.07786e-05,7.29892e-07
30.6228,1,3.8722,8.67671e+06,2,9,4.07074,0,-0.000811111,0.00124205,4.09121e-05,1.58298e-06
30.7228,1,3.87592,8.67671e+06,2,9,4.07465,0,-9.11109e-06,0.00188311,4.09088e-05,1.30807e-07
30.8228,1,3.86248,8.67671e+06,2,9,4.0605,0,0.000554887,0.001463,4.11593e-05,5.39652e-06
30.9228,1,3.87026,8.67671e+06,2,9,4.06869,0,-0.000492111,0.00146197,4.13792e-05,2.34502e-06
31.0228,1,3.87428,8.67671e+06,2,9,4.07293,0,9.88852e-06,0.00142729,4.14659e-05,7.70548e-07
31.1228,1,3.8633,8.67671e+06,2,9,4.06137,0,-0.000450112,0.00165562,4.1772e-05,5.07336e-06
31.2228,1,3.87446,8.67671e+06,2,9,4.07312,0,-0.000505111,0.00122282,4.18509e-05,6.99759e-07
31.3228,1,3.8657,8.67671e+06,2,9,4.0639,0,-0.000310111,0.00135877,4.20261e-05,4.1304e-06
31.4228,1,3.87171,8.67671e+06,2,9,4.07022,0,0.000104889,0.00233799,4.21536e-05,1.77741e-06
31.5228,1,3.86889,8.67671e+06,2,9,4.06725,0,0.000213889,0.00158561,4.23503e-05,2.88182e-06
31.6228,1,3.87455,8.67671e+06,2,9,4.07321,0,9.18888e-05,0.00166467,4.24354e-05,6.64759e-07
31.7228,1,3.87348,8.67671e+06,2,9,4.07209,0,-3.61109e-05,0.00166023,4.25494e-05,1.0815e-06
31.8228,1,3.87438,8.67671e+06,2,9,4.07303,0,-0.000362111,0.00134355,4.26698e-05,7.32296e-07
31.9228,1,3.87203,8.67671e+06,2,9,4.07056,0,-0.000480111,0.00205408,4.28334e-05,1.65036e-06
32.0228,0,3.87496,8.50318e+06,2,9,4.07364,0,-0.000101111,0.00150601,4.2899e-05,5.04788e-07
32.1228,0,3.871,8.33311e+06,2,8,4.06948,0,-0.00075511,0.00172172,4.30538e-05,2.05234e-06
32.2228,1,3.8732,8.33311e+06,2,8,4.07179,0,-1.81112e-05,0.00195849,4.31489e-05,1.19325e-06
32.3228,1,3.87567,8.33311e+06,2,8,4.07439,0,-0.000120111,0.00130519,4.31895e-05,2.28347e-07
32.4228,1,3.87321,8.33311e+06,2,8,4.07181,0,-0.000494111,0.00178097,4.32887e-05,1.18707e-06
32.5228,1,3.87496,8.33311e+06,2,8,4.07364,0,-0.000272111,0.0017448,4.33628e-05,5.04562e-07
32.6228,1,3.87421,8.33311e+06,2,8,4.07285,0,-0.000397111,0.00140033,4.34735e-05,7.99013e-07
32.7228,1,3.86831,8.33311e+06,2,8,4.06664,0,8.88699e-07,0.00121716,4.36281e-05,3.10834e-06
32.8228,0,3.87158,8.16645e+06,2,8,4.07009,0,0.000309889,0.00210567,4.37676e-05,1.82676e-06
32.9228,0,3.87489,8.00312e+06,2,8,4.07357,0,-0.000234111,0.00119326,4.38435e-05,5.29846e-07
33.0228,0,3.86764,7.84306e+06,2,8,4.06593,0,0.000960888,0.00184242,4.40131e-05,3.3728e-06
33.1228,0,3.87196,7.6862e+06,2,8,4.07049,0,6.18887e-05,0.00129833,4.41836e-05,1.6773e-06
33.2228,0,3.87564,7.53247e+06,2,8,4.07436,0,-0.000367111,0.0017386,4.42239e-05,2.38446e-07
33.3228,0,3.87419,7.38183e+06,2,8,4.07283,0,0.000341889,0.00135991,4.43124e-05,8.04788e-07
33.4228,0,3.87257,7.23419e+06,2,7,4.07112,0,-0.000836111,0.00170853,4.44718e-05,1.44001e-06
33.5228,0,3.87307,7.08951e+06,2,7,4.07166,0,-0.000348111,0.00133787,4.46021e-05,1.24198e-06
33.6228,1,3.87482,7.08951e+06,2,7,4.0735,0,-3.7111e-05,0.00128474,4.46287e-05,5.58835e-07
33.7228,1,3.87042,7.08951e+06,2,7,4.06887,0,1.88868e-06,0.00144743,4.47963e-05,2.28025e-06
33.8228,1,3.86338,7.08951e+06,2,7,4.06145,0,-0.000150111,0.00147037,4.50119e-05,5.04219e-06
33.9228,1,3.87427,7.08951e+06,2,7,4.07291,0,-0.000217111,0.0013404,4.51141e-05,7.74834e-07
34.0228,1,3.87442,7.08951e+06,2,7,4.07307,0,-0.000213111,0.00131311,4.51998e-05,7.16247e-07
34.1228,1,3.8739,7.08951e+06,2,7,4.07253,0,0.000423889,0.00125978,4.53022e-05,9.17803e-07
34.2228,1,3.87384,7.08951e+06,2,7,4.07247,0,-4.8111e-05,0.00161703,4.53978e-05,9.41063e-07
34.3228,1,3.86978,7.08951e+06,2,7,4.06819,0,6.28884e-05,0.00140166,4.55963e-05,2.53088e-06
34.4228,1,3.87568,7.08951e+06,2,7,4.0744,0,0.000115889,0.00162851,4.56182e-05,2.241e-07
34.5228,1,3.86791,7.08951e+06,2,7,4.06622,0,0.000633888,0.00218733,4.57601e-05,3.26564e-06
34.6228,1,3.86982,7.08951e+06,2,7,4.06823,0,-0.000144112,0.00158365,4.59733e-05,2.51609e-06
34.7228,1,3.87022,7.08951e+06,2,7,4.06865,0,0.000245889,0.00164153,4.61274e-05,2.36131e-06
34.8228,1,3.87169,7.08951e+06,2,7,4.0702,0,-0.00056211,0.00168879,4.63113e-05,1.78472e-06
34.9228,0,3.87225,6.94771e+06,2,7,4.07079,0,0.000100889,0.00180454,4.64713e-05,1.56284e-06
35.0228,0,3.87274,6.80876e+06,2,7,4.0713,0,0.000154889,0.00159795,4.65778e-05,1.37314e-06
35.1228,0,3.86919,6.67259e+06,2,7,4.06756,0,-0.000317111,0.00110864,4.67966e-05,2.76519e-06
35.2228,0,3.87095,6.53913e+06,2,7,4.06942,0,0.000369888,0.00144032,4.69365e-05,2.2096e-06
35.3228,0,3.87371,6.40835e+06,2,7,4.07233,0,0.000746889,0.00195648,4.70013e-05,9.93407e-07
35.4228,0,3.87261,6.28018e+06,2,7,4.07117,0,0.000368889,0.00225641,4.71723e-05,1.4235e-06
35.5228,1,3.87423,6.28018e+06,2,7,4.07287,0,0.000416889,0.00190236,4.72666e-05,7.90156e-07
35.6228,1,3.87311,6.28018e+06,2,7,4.0717,0,-0.000276111,0.00139851,4.74033e-05,1.22763e-06
35.7228,1,3.87131,6.28018e+06,2,7,4.0698,0,-0.000108111,0.00214141,4.75661e-05,1.93448e-06
35.8228,0,3.86902,6.15458e+06,2,6,4.06739,0,0.000513889,0.00127873,4.77266e-05,2.83055e-06
35.9228,1,3.87353,6.15458e+06,2,6,4.07213,0,4.08888e-05,0.00151879,4.78602e-05,1.06555e-06
36.0228,1,3.87501,6.15458e+06,2,6,4.0737,0,0.000347889,0.00139057,4.79335e-05,4.84023e-07
36.1228,1,3.86498,6.15458e+06,2,6,4.06314,0,-0.00118811,0.00183256,4.81425e-05,4.41494e-06
36.2228,0,3.87043,6.03149e+06,2,6,4.06887,0,-0.000185112,0.00161824,4.82926e-05,2.27795e-06
36.3228,0,3.87267,5.91086e+06,2,6,4.07123,0,-0.000172111,0.00118482,4.84378e-05,1.40021e-06
36.4228,0,3.8713,5.79264e+06,2,6,4.06979,0,-2.81113e-05,0.00119236,4.85753e-05,1.93809e-06
36.5228,1,3.87376,5.79264e+06,2,6,4.07238,0,1.98889e-05,0.00170592,4.86517e-05,9.72832e-07
36.6228,0,3.87538,5.67679e+06,2,6,4.07408,0,0.000108889,0.00128649,4.87043e-05,3.41262e-07
36.7228,0,3.87218,5.56325e+06,2,6,4.07071,0,4.88864e-06,0.00111422,4.88489e-05,1.59279e-06
36.8228,0,3.87174,5.45199e+06,2,6,4.07026,0,0.000349889,0.00153301,4.89531e-05,1.76303e-06
36.9228,0,3.87309,5.34295e+06,2,6,4.07167,0,-0.000615111,0.00115487,4.90914e-05,1.23712e-06
37.0228,0,3.87423,5.23609e+06,2,6,4.07287,0,0.000488889,0.00167205,4.91507e-05,7.90598e-07
37.1228,1,3.87186,5.23609e+06,2,6,4.07038,0,-0.000155111,0.00134169,4.92643e-05,1.71565e-06
37.2228,1,3.87469,5.23609e+06,2,6,4.07336,0,-8.11109e-06,0.00164209,4.93424e-05,6.1042e-07
37.3228,1,3.87621,5.23609e+06,2,6,4.07496,0,0.000111889,0.00149474,4.93147e-05,1.60881e-08
37.4228,0,3.87472,5.13137e+06,2,5,4.07339,0,-0.000105111,0.00152886,4.93833e-05,5.96648e-07
37.5228,0,3.87555,5.02874e+06,2,5,4.07426,0,-2.81111e-05,0.0010668,4.9432e-05,2.73645e-07
37.6228,0,-1,4.92817e+06,1,5,4.07167,0,0.000337889,0.00145734,4.9549e-05,1.23844e-06
37.7228,0,-1,4.8296e+06,1,5,4.07272,0,-0.000431111,0.00132054,4.96548e-05,1.03346e-06
37.8228,2,4.64355e-310,4.92619e+06,1,5,4.06992,0,-5.71113e-05,0.00116485,4.98272e-05,1.88974e-06
37.9228,0,-1,4.82767e+06,1,5,4.06873,0,0.000436888,0.00174409,4.99983e-05,2.33005e-06
38.0228,2,4.64355e-310,4.92422e+06,1,5,4.06811,0,-0.00058211,0.00121058,5.0215e-05,2.56196e-06
38.1228,2,3.87226,5.02271e+06,2,5,4.0708,0,-0.000116111,0.00165277,5.03132e-05,1.56005e-06
38.2228,2,3.85806,5.12316e+06,2,5,4.05585,0,-0.00178211,0.00143044,5.05562e-05,7.13439e-06
38.3228,2,3.8671,5.22563e+06,2,6,4.06537,0,-1.11523e-07,0.00108548,5.07857e-05,3.58302e-06
38.4228,2,3.87212,5.33014e+06,2,6,4.07065,0,-1.91108e-05,0.00140586,5.08649e-05,1.61484e-06
38.5228,1,3.86839,5.33014e+06,2,6,4.06672,0,-0.000897109,0.0016112,5.10589e-05,3.07821e-06
38.6228,0,3.87464,5.22354e+06,2,6,4.07331,0,-0.000398111,0.00155024,5.11616e-05,6.29077e-07
38.7228,0,3.87501,5.11906e+06,2,5,4.0737,0,0.000294889,0.0012456,5.11965e-05,4.83868e-07
38.8228,0,3.86436,5.01668e+06,2,5,4.06248,0,3.48896e-05,0.00159589,5.14188e-05,4.65787e-06
38.9228,0,-1,4.91635e+06,1,5,4.07239,0,-0.000317111,0.0015393,5.15798e-05,9.68587e-07
39.0228,2,3.8751,5.01468e+06,2,5,4.07379,0,-0.000175111,0.00103719,5.16424e-05,4.50879e-07
39.1228,2,3.87189,5.11497e+06,2,5,4.07041,0,0.000578888,0.00181237,5.17659e-05,1.70595e-06
39.2228,2,3.87307,5.21727e+06,2,5,4.07165,0,-0.000537111,0.00152811,5.19005e-05,1.24447e-06
39.3228,2,3.87263,5.32161e+06,2,6,4.07119,0,-0.000421111,0.0011586,5.20102e-05,1.41603e-06
39.4228,2,3.87085,5.42805e+06,2,6,4.06932,0,-0.000289111,0.00170364,5.21652e-05,2.11206e-06
39.5228,2,3.87225,5.53661e+06,2,6,4.07078,0,0.000432888,0.00157495,5.23047e-05,1.56657e-06
39.6228,2,3.84998,5.64734e+06,2,6,4.04735,0,0.000368885,0.00163094,5.2594e-05,1.03148e-05
39.7228,0,3.86739,5.53439e+06,2,6,4.06568,0,0.000455887,0.0017403,5.28067e-05,3.46735e-06
39.8228,0,3.87369,5.42371e+06,2,6,4.0723,0,8.48885e-05,0.00162039,5.28891e-05,1.0025e-06
39.9228,0,3.87425,5.31523e+06,2,6,4.0729,0,2.78892e-05,0.00166008,5.29519e-05,7.80483e-07
40.0228,0,3.87269,5.20893e+06,2,5,4.07125,0,0.000336888,0.00139069,5.307e-05,1.39254e-06
40.1228,0,3.87063,5.10475e+06,2,5,4.06908,0,0.000152889,0.00157098,5.32505e-05,2.19896e-06
40.2228,0,3.86872,5.00265e+06,2,5,4.06707,0,0.000677888,0.00152189,5.34735e-05,2.94723e-06
40.3228,0,-1,4.9026e+06,1,5,4.07255,0,0.000418889,0.00114285,5.35622e-05,1.08591e-06
40.4228,2,3.87194,5.00065e+06,2,5,4.07046,0,-0.000422111,0.00173415,5.37411e-05,1.68795e-06
40.5228,2,3.87459,5.10067e+06,2,5,4.07325,0,-8.91111e-05,0.00123272,5.38213e-05,6.48301e-07
40.6228,1,3.8566,5.10067e+06,2,5,4.05431,0,-0.000384111,0.00116546,5.41325e-05,7.70937e-06
40.7228,1,3.87543,5.10067e+06,2,5,4.07414,0,-2.01112e-05,0.0013636,5.4173e-05,3.20337e-07
40.8228,1,3.87458,5.10067e+06,2,5,4.07325,0,-0.000370111,0.00106948,5.42357e-05,7.88674e-07
40.9228,1,3.87113,5.10067e+06,2,5,4.06961,0,-0.000433111,0.00125668,5.43775e-05,2.00464e-06
41.0228,0,-1,4.99865e+06,1,5,4.07225,0,4.28887e-05,0.00109627,5.44652e-05,1.02062e-06
41.1228,2,3.87055,5.09863e+06,2,5,4.069,0,4.08884e-05,0.0010365,5.46422e-05,2.23042e-06
41.2228,2,3.87339,5.2006e+06,2,5,4.07199,0,1.38887e-05,0.00151867,5.47192e-05,1.11982e-06
41.3228,2,3.87491,5.30461e+06,2,6,4.07359,0,0.000115889,0.00125841,5.47966e-05,5.23211e-07
41.4228,2,3.86993,5.4107e+06,2,6,4.06834,0,-0.000254111,0.00101731,5.49481e-05,2.47525e-06
41.5228,2,3.87326,5.51892e+06,2,6,4.07185,0,0.000413889,0.00144756,5.50443e-05,1.17091e-06
41.6228,2,3.87276,5.62929e+06,2,6,4.07133,0,-1.11211e-07,0.00124155,5.51765e-05,1.36485e-06
41.7228,2,3.87336,5.74188e+06,2,6,4.07196,0,0.000860889,0.00216993,5.52337e-05,1.13095e-06
41.8228,2,3.87512,5.85672e+06,2,6,4.07381,0,-0.000101111,0.00119787,5.53146e-05,4.42257e-07
41.9228,2,3.87266,5.97385e+06,2,6,4.07122,0,-0.000332111,0.00119623,5.54315e-05,1.40327e-06
42.0228,2,3.87378,6.09333e+06,2,6,4.0724,0,-0.000352111,0.00134252,5.55578e-05,9.67789e-07
42.1228,1,3.85626,6.09333e+06,2,6,4.05396,0,-0.00153111,0.00160907,5.58641e-05,7.84239e-06
42.2228,1,3.87486,6.09333e+06,2,6,4.07354,0,5.88849e-06,0.00143122,5.59187e-05,5.43239e-07
42.3228,1,3.87362,6.09333e+06,2,6,4.07223,0,0.000561889,0.00160681,5.60102e-05,1.02825e-06
42.4228,1,3.87467,6.09333e+06,2,6,4.07333,0,0.000206889,0.00116976,5.61038e-05,6.18676e-07
42.5228,1,3.87467,6.09333e+06,2,6,4.07334,0,0.000366889,0.00148793,5.61679e-05,6.16236e-07
42.6228,0,3.87201,5.97146e+06,2,6,4.07054,0,-0.000183111,0.00121942,5.63048e-05,1.6571e-06
42.7228,0,3.87128,5.85203e+06,2,6,4.06977,0,-0.000874111,0.00174884,5.64712e-05,1.94531e-06
42.8228,2,3.863,5.96907e+06,2,6,4.06106,0,1.58888e-05,0.00106725,5.66228e-05,5.19035e-06
42.9228,2,3.87248,6.08846e+06,2,6,4.07103,0,0.000133889,0.00160115,5.6721e-05,1.47478e-06
43.0228,2,3.87483,6.21022e+06,2,6,4.0735,0,-0.000552111,0.00184518,5.68e-05,5.56537e-07
43.1228,2,3.8726,6.33443e+06,2,7,4.07116,0,-0.000498111,0.00132223,5.69483e-05,1.67433e-06
43.2228,2,3.87246,6.46112e+06,2,7,4.07101,0,-8.11108e-05,0.00158442,5.70465e-05,1.48306e-06
43.3228,2,3.87463,6.59034e+06,2,7,4.0733,0,4.68888e-05,0.00168844,5.7112e-05,6.32438e-07
43.4228,2,3.87246,6.72215e+06,2,7,4.07101,0,-0.000674111,0.00154803,5.72623e-05,1.48335e-06
43.5228,2,3.87549,6.85659e+06,2,7,4.0742,0,1.8889e-06,0.00134927,5.73094e-05,2.95639e-07
43.6228,2,3.872,6.99372e+06,2,7,4.07053,0,-0.000168111,0.00162071,5.74245e-05,1.66159e-06
43.7228,2,3.87373,7.1336e+06,2,7,4.07235,0,-2.51113e-05,0.00145447,5.75072e-05,9.84246e-07
43.8228,2,3.874,7.27627e+06,2,7,4.07263,0,0.000236889,0.00161669,5.76368e-05,8.78864e-07
43.9228,0,3.86543,7.13074e+06,2,7,4.06361,0,0.000328889,0.00128914,5.78536e-05,4.23854e-06
44.0228,2,3.8684,7.27336e+06,2,7,4.06674,0,0.000222889,0.00158454,5.80261e-05,3.07195e-06
44.1228,2,3.86436,7.41882e+06,2,8,4.06248,0,-0.00150311,0.00175062,5.82446e-05,4.65746e-06
44.2228,2,3.86808,7.5672e+06,2,8,4.0664,0,-0.00058111,0.00140349,5.84749e-05,3.19846e-06
44.3228,2,3.86885,7.71854e+06,2,8,4.06721,0,-2.61116e-05,0.00168113,5.86301e-05,2.89554e-06
44.4228,2,3.874,7.87292e+06,2,8,4.07264,0,-6.3111e-05,0.00180003,5.87065e-05,8.7805e-07
44.5228,2,3.86927,8.03037e+06,2,8,4.06766,0,-0.00036911,0.00116053,5.88739e-05,2.73047e-06
44.6228,2,3.87472,8.19098e+06,2,8,4.07339,0,3.38887e-05,0.0018236,5.89345e-05,5.99196e-07
44.7228,2,3.87448,8.3548e+06,2,9,4.07314,0,-1.71111e-05,0.00176556,5.89964e-05,6.90602e-07
44.8228,2,3.87296,8.5219e+06,2,9,4.07153,0,-0.000284111,0.00222398,5.91487e-05,1.28798e-06
44.9228,2,3.8748,8.69234e+06,2,9,4.07348,0,-8.21109e-05,0.00241541,5.91886e-05,5.65518e-07
45.0228,2,3.86546,8.86618e+06,2,9,4.06364,0,-0.00082911,0.00175413,5.94666e-05,4.22649e-06
45.1228,2,3.87467,9.04351e+06,2,9,4.07334,0,-2.11096e-06,0.00140107,5.95404e-05,6.16873e-07
45.2228,0,3.87422,8.86264e+06,2,9,4.07286,0,-0.000368111,0.00200102,5.96172e-05,7.93966e-07
45.3228,2,3.87279,9.03989e+06,2,9,4.07135,0,-0.000173111,0.00139976,5.97089e-05,1.35465e-06
45.4228,2,3.87348,9.22069e+06,2,9,4.07208,0,3.7889e-05,0.0012989,5.98061e-05,1.08427e-06
45.5228,2,3.87297,9.4051e+06,2,10,4.07155,0,0.000122889,0.00183086,5.98974e-05,1.28167e-06
45.6228,2,3.87489,9.5932e+06,2,10,4.07357,0,-0.000125111,0.00143722,5.99518e-05,5.31322e-07
45.7228,2,3.87441,9.78507e+06,2,10,4.07306,0,-0.000121111,0.0016863,6.00266e-05,7.1889e-07
45.8228,2,3.87062,9.98077e+06,2,10,4.06907,0,-0.000324111,0.00147117,6.01841e-05,2.20359e-06
45.9228,1,3.87475,9.98077e+06,2,10,4.07342,0,0.000660889,0.00188452,6.01922e-05,5.86229e-07
46.0228,2,3.87513,1.01804e+07,3,10,4.07119,0,0.000537889,0.0016924,6.03449e-05,1.4159e-06
46.1228,2,3.87515,1.0384e+07,3,10,4.07121,0,-0.000340111,0.0015135,6.05054e-05,1.40752e-06
46.2228,2,3.8779,1.05917e+07,3,11,4.07411,0,-2.21111e-05,0.00151978,6.05379e-05,3.3147e-07
46.3228,2,3.87843,1.08035e+07,3,11,4.07466,0,-0.000195111,0.00130511,6.05687e-05,1.24914e-07
46.4228,2,3.86707,1.10196e+07,3,11,4.0627,0,0.000247888,0.00131649,6.0794e-05,4.57709e-06
46.5228,0,3.87809,1.07992e+07,3,11,4.0743,0,8.88857e-07,0.00107641,6.08366e-05,2.59133e-07
46.6228,0,3.87611,1.05832e+07,3,11,4.07222,0,0.000227889,0.0017645,6.08994e-05,1.03397e-06
46.7228,0,3.87761,1.03715e+07,3,10,4.0738,0,-0.000108111,0.00126988,6.09362e-05,4.55756e-07
46.8228,1,3.86531,1.03715e+07,3,10,4.06085,0,1.58891e-05,0.00183041,6.11493e-05,5.26538e-06
46.9228,0,3.87447,1.01641e+07,3,10,4.0705,0,2.88888e-05,0.0015364,6.12837e-05,1.67259e-06
47.0228,1,3.87769,1.01641e+07,3,10,4.07389,0,7.88888e-05,0.00127793,6.13149e-05,4.12938e-07
47.1228,1,3.87145,1.01641e+07,3,10,4.06732,0,-5.3111e-05,0.00147414,6.15104e-05,2.85653e-06
47.2228,1,3.87581,1.01641e+07,3,10,4.07191,0,-0.000360111,0.00121586,6.16268e-05,1.14867e-06
47.3228,0,3.87216,9.96082e+06,2,10,4.07069,0,0.000420888,0.00200698,6.17652e-05,1.60073e-06
47.4228,2,3.87526,1.016e+07,3,10,4.07133,0,0.000332889,0.00163846,6.19164e-05,1.36475e-06
47.5228,2,3.87423,1.03632e+07,3,10,4.07024,0,0.000118889,0.00133004,6.20663e-05,1.76821e-06
47.6228,2,3.87681,1.05705e+07,3,11,4.07296,0,0.000292889,0.00148042,6.21433e-05,7.5925e-07
47.7228,2,3.8765,1.07819e+07,3,11,4.07263,0,0.000621889,0.00168,6.22013e-05,8.78769e-07
47.8228,2,3.87644,1.09976e+07,3,11,4.07256,0,-0.000162111,0.00184386,6.23291e-05,9.04728e-07
47.9228,2,3.86212,1.12175e+07,3,11,4.05749,0,0.000518888,0.00202147,6.25845e-05,6.51998e-06
48.0228,2,3.87555,1.14419e+07,3,11,4.07163,0,-0.000345111,0.00189997,6.27397e-05,1.25303e-06
48.1228,2,3.87715,1.16707e+07,3,12,4.07331,0,-0.000197111,0.00135906,6.28054e-05,6.26588e-07
48.2228,2,3.87613,1.19041e+07,3,12,4.07224,0,-0.000441111,0.00128122,6.29114e-05,1.02516e-06
48.3228,2,3.86761,1.21422e+07,3,12,4.06328,0,-0.00038611,0.00171912,6.31204e-05,4.36242e-06
48.4228,2,3.87784,1.2385e+07,3,12,4.07404,0,4.88893e-06,0.00152698,6.31468e-05,3.54978e-07
48.5228,2,3.87488,1.26327e+07,3,13,4.07092,0,-0.000237111,0.00131043,6.32679e-05,1.51445e-06
48.6228,2,3.87515,1.28854e+07,3,13,4.07121,0,-0.000527111,0.00139141,6.33837e-05,1.40694e-06
48.7228,2,3.87787,1.31431e+07,3,13,4.07407,0,0.000289889,0.001554,6.34323e-05,3.446e-07
48.8228,2,3.87525,1.3406e+07,3,13,4.07132,0,-6.5111e-05,0.00173074,6.35685e-05,1.36794e-06
48.9228,2,3.87854,1.36741e+07,3,14,4.07478,0,-0.000107111,0.00178866,6.35704e-05,8.12095e-08
49.0228,2,3.87209,1.39476e+07,3,14,4.06799,0,-0.000726111,0.00155088,6.37495e-05,2.60678e-06
49.1228,0,3.87822,1.36686e+07,3,14,4.07444,0,-0.000136111,0.00163559,6.37703e-05,2.07031e-07
49.2228,2,3.87817,1.3942e+07,3,14,4.07439,0,-0.000170111,0.00128298,6.38143e-05,2.2803e-07
49.3228,2,3.87636,1.42208e+07,3,14,4.07249,0,0.000123889,0.00225851,6.38751e-05,9.3391e-07
49.4228,2,3.87812,1.45052e+07,3,14,4.07434,0,0.000111889,0.00140593,6.39077e-05,2.46212e-07
49.5228,1,3.87487,1.45052e+07,3,14,4.07091,0,0.000117889,0.00149485,6.40213e-05,1.51918e-06
49.6228,2,3.87654,1.47953e+07,3,15,4.07268,0,-7.61111e-05,0.0020859,6.40874e-05,8.62804e-07
49.7228,2,3.87896,1.50912e+07,4,15,4.07259,0,-0.000301111,0.00161481,6.4184e-05,8.95804e-07
49.8228,2,3.88095,1.53931e+07,4,15,4.07469,0,4.08888e-05,0.00185553,6.41728e-05,1.16733e-07
49.9228,2,3.86211,1.57009e+07,4,16,4.05485,0,-4.61124e-05,0.00174791,6.44488e-05,7.50725e-06
50.0228,1,3.87928,1.57009e+07,4,16,4.07293,0,-0.000611111,0.00203128,6.45095e-05,7.70673e-07
50.1228,2,3.88069,1.60149e+07,4,16,4.07441,0,-0.000320111,0.00182825,6.45443e-05,2.17889e-07
50.2228,2,3.88055,1.63352e+07,4,16,4.07426,0,-4.81111e-05,0.00172802,6.45694e-05,2.73189e-07
50.3228,1,3.87695,1.63352e+07,4,16,4.07048,0,-0.000392111,0.00156361,6.46881e-05,1.6807e-06
50.4228,2,3.87979,1.6662e+07,4,16,4.07346,0,-0.000421111,0.00164098,6.47529e-05,5.72555e-07
50.5228,2,3.87834,1.69952e+07,4,17,4.07193,0,0.000443889,0.00232276,6.4805e-05,1.13943e-06
50.6228,0,3.84985,1.66553e+07,4,16,4.04195,0,-0.000580109,0.00197495,6.51542e-05,1.23421e-05
50.7228,0,3.87747,1.63222e+07,4,16,4.07102,0,-0.000661109,0.00166589,6.53026e-05,1.4773e-06
50.8228,0,3.87892,1.59957e+07,4,16,4.07255,0,3.7889e-05,0.00181987,6.53668e-05,9.10938e-07
50.9228,0,3.87958,1.56758e+07,4,16,4.07324,0,-0.000133111,0.00213336,6.54461e-05,6.54136e-07
51.0228,0,3.87835,1.53623e+07,4,15,4.07195,0,0.000498889,0.00163325,6.55139e-05,1.13488e-06
51.1228,0,3.8783,1.50551e+07,4,15,4.07189,0,-0.000302111,0.00162539,6.56559e-05,1.15571e-06
51.2228,0,3.87627,1.4754e+07,3,15,4.07239,0,-0.000556111,0.00160673,6.5769e-05,9.69486e-07
51.3228,2,3.87815,1.5049e+07,4,15,4.07174,0,1.4889e-05,0.0017,6.58719e-05,1.21306e-06
51.4228,0,3.87847,1.47481e+07,3,15,4.0747,0,-0.000137111,0.00134188,6.58913e-05,1.11278e-07
51.5228,0,3.87764,1.44531e+07,3,14,4.07384,0,6.88889e-06,0.00185611,6.59238e-05,4.32133e-07
51.6228,2,3.87775,1.47422e+07,3,15,4.07394,0,0.000373889,0.00171567,6.59405e-05,3.92628e-07
51.7228,0,3.87495,1.44473e+07,3,14,4.071,0,-1.01111e-05,0.00139522,6.60898e-05,1.48809e-06
51.8228,2,3.87816,1.47363e+07,3,15,4.07438,0,3.38889e-05,0.00164921,6.61195e-05,2.30181e-07
51.9228,2,3.88103,1.5031e+07,4,15,4.07477,0,5.8889e-06,0.00178159,6.61129e-05,8.63058e-08
52.0228,2,3.87872,1.53316e+07,4,15,4.07233,0,-0.000508111,0.00158223,6.62133e-05,9.91268e-07
52.1228,1,3.87995,1.53316e+07,4,15,4.07363,0,-0.000121111,0.00150886,6.62845e-05,5.09669e-07
52.2228,2,3.8802,1.56382e+07,4,15,4.0739,0,-4.51111e-05,0.00142622,6.63157e-05,4.09244e-07
52.3228,2,3.88006,1.5951e+07,4,16,4.07375,0,0.000103889,0.00195708,6.63509e-05,4.66084e-07
52.4228,1,3.8616,1.5951e+07,4,16,4.05431,0,0.000623888,0.00194753,6.66384e-05,7.7094e-06
52.5228,2,3.88055,1.627e+07,4,16,4.07426,0,2.38888e-05,0.00147046,6.66569e-05,2.7421e-07
52.6228,2,3.87452,1.65954e+07,4,16,4.06791,0,0.000319888,0.00131039,6.67856e-05,2.63558e-06
52.7228,2,3.88082,1.69273e+07,4,17,4.07455,0,-0.000243111,0.0014779,6.6821e-05,1.66577e-07
52.8228,2,3.87817,1.72659e+07,4,17,4.07176,0,-0.000420111,0.00187331,6.69414e-05,1.20339e-06
52.9228,2,3.87972,1.76112e+07,4,17,4.07339,0,-0.000503111,0.0017532,6.69944e-05,5.98281e-07
53.0228,2,3.88056,1.79634e+07,4,18,4.07428,0,2.28889e-05,0.00169483,6.70065e-05,2.68188e-07
53.1228,2,3.87964,1.83227e+07,4,18,4.0733,0,-0.000182111,0.00150397,6.70571e-05,6.30934e-07
53.2228,2,3.87892,1.86891e+07,4,18,4.07255,0,-0.000445111,0.00222997,6.71419e-05,9.11113e-07
53.3228,1,3.88056,1.86891e+07,4,18,4.07427,0,9.08889e-05,0.00167584,6.71582e-05,2.71495e-07
53.4228,2,3.86695,1.90629e+07,4,19,4.05995,0,-3.61125e-05,0.00199185,6.73053e-05,5.60444e-06
53.5228,2,3.87548,1.94442e+07,4,19,4.06893,0,-0.000210111,0.0015178,6.74428e-05,2.2566e-06
53.6228,2,3.87978,1.98331e+07,4,19,4.07346,0,0.000228889,0.00152464,6.749e-05,5.73436e-07
53.7228,2,3.88308,2.02297e+07,5,20,4.07429,0,-0.000405111,0.0016524,6.75403e-05,2.63329e-07
53.8228,2,3.88311,2.06343e+07,5,20,4.07433,0,0.000139889,0.00164158,6.75506e-05,2.50347e-07
53.9228,2,3.88283,2.1047e+07,5,21,4.07403,0,0.000536889,0.00179471,6.7567e-05,3.60377e-07
54.0228,2,3.88335,2.14679e+07,5,21,4.07458,0,5.48889e-05,0.0016556,6.75892e-05,1.56936e-07
54.1228,2,3.88221,2.18973e+07,5,21,4.07338,0,0.000189889,0.00214193,6.76509e-05,6.01471e-07
54.2228,2,3.88329,2.23353e+07,5,22,4.07451,0,0.000200889,0.0015725,6.76805e-05,1.81393e-07
54.3228,2,3.8823,2.2782e+07,5,22,4.07347,0,-0.000171111,0.00172285,6.77461e-05,5.66653e-07
54.4228,2,3.86042,2.32376e+07,5,23,4.05045,0,0.000671888,0.00204178,6.79483e-05,9.15548e-06
54.5228,2,3.87603,2.37024e+07,5,23,4.06688,0,-0.000133111,0.00152476,6.81041e-05,3.02093e-06
54.6228,0,3.88176,2.32283e+07,5,23,4.0729,0,-3.11139e-06,0.00156322,6.8174e-05,7.79646e-07
54.7228,2,3.88271,2.36929e+07,5,23,4.07391,0,-0.000506111,0.00191146,6.82054e-05,4.06127e-07
54.8228,2,3.88344,2.41667e+07,5,24,4.07467,0,-0.000132111,0.00234884,6.82098e-05,1.22938e-07
54.9228,2,3.87362,2.46501e+07,5,24,4.06434,0,-0.00123211,0.00233499,6.83999e-05,3.96699e-06
55.0228,0,3.88155,2.41571e+07,5,24,4.07268,0,0.000254888,0.00151023,6.85017e-05,8.61538e-07
55.1228,2,3.87954,2.46402e+07,5,24,4.07057,0,4.58887e-05,0.00165457,6.86339e-05,1.648e-06
55.2228,0,3.87861,2.41474e+07,5,24,4.06959,0,6.48888e-05,0.00195325,6.87492e-05,2.0096e-06
55.3228,2,3.88177,2.46303e+07,5,24,4.07292,0,6.28889e-05,0.00199499,6.88274e-05,7.74481e-07
55.4228,2,3.8857,2.5123e+07,6,25,4.07442,0,-2.2111e-05,0.00166939,6.88468e-05,2.16871e-07
55.5228,2,3.88474,2.56254e+07,6,25,4.07341,0,0.000101889,0.00193199,6.89013e-05,5.89315e-07
55.6228,2,3.88601,2.61379e+07,6,26,4.07475,0,9.68889e-05,0.00188507,6.89072e-05,9.21344e-08
55.7228,2,3.88592,2.66607e+07,6,26,4.07466,0,-0.000109111,0.00162016,6.89224e-05,1.27126e-07
55.8228,2,3.88496,2.71939e+07,6,27,4.07364,0,-0.000155111,0.00186468,6.89847e-05,5.05214e-07
55.9228,1,3.88538,2.71939e+07,6,27,4.07409,0,0.000476889,0.00164804,6.89888e-05,3.38875e-07
56.0228,2,3.8815,2.77378e+07,6,27,4.07,0,-0.000265111,0.00225574,6.9132e-05,1.8581e-06
56.1228,2,3.88419,2.82925e+07,6,28,4.07283,0,0.000141889,0.00162177,6.91774e-05,8.05472e-07
56.2228,2,3.88593,2.88584e+07,6,28,4.07467,0,0.000114889,0.00171241,6.91961e-05,1.23421e-07
56.3228,2,3.88412,2.94355e+07,6,29,4.07275,0,0.000398889,0.00202414,6.92414e-05,8.345e-07
56.4228,2,3.87832,3.00243e+07,7,29,4.06402,0,0.000161889,0.00197986,6.94333e-05,4.08563e-06
56.5228,2,3.8884,3.06247e+07,7,30,4.07464,0,-0.000142111,0.00167348,6.94476e-05,1.35483e-07
56.6228,0,3.88676,3.00122e+07,7,29,4.07291,0,-0.000128111,0.00200289,6.94912e-05,7.76531e-07
56.7228,0,3.88394,2.9412e+07,6,29,4.07257,0,-2.91113e-05,0.00184698,6.9573e-05,9.04585e-07
56.8228,2,3.87959,3.00002e+07,7,29,4.06536,0,-4.91111e-05,0.00147877,6.97194e-05,3.58591e-06
56.9228,2,3.88268,3.06002e+07,7,30,4.06861,0,5.28888e-05,0.0027329,6.9805e-05,2.37488e-06
57.0228,2,3.88614,3.12122e+07,7,30,4.07225,0,4.48886e-05,0.0014909,6.99141e-05,1.02017e-06
57.1228,1,3.88836,3.12122e+07,7,30,4.07459,0,6.78888e-05,0.00196468,6.99418e-05,1.5159e-07
57.2228,1,3.88516,3.12122e+07,7,30,4.07122,0,-0.000919111,0.00205902,7.00243e-05,1.40365e-06
57.3228,1,3.88864,3.12122e+07,7,30,4.07488,0,0.000132889,0.00166934,7.00046e-05,4.30616e-08
57.4228,1,3.88766,3.12122e+07,7,30,4.07385,0,3.58889e-05,0.00155627,7.00432e-05,4.26715e-07
57.5228,1,3.88811,3.12122e+07,7,30,4.07433,0,-0.000334111,0.00152019,7.00559e-05,2.48973e-07
57.6228,1,3.88602,3.12122e+07,7,30,4.07213,0,0.000123889,0.0014386,7.01398e-05,1.06679e-06
57.7228,1,3.88757,3.12122e+07,7,30,4.07375,0,0.000498889,0.00190967,7.01427e-05,4.63051e-07
57.8228,1,3.8853,3.12122e+07,7,30,4.07136,0,-0.000521111,0.00157141,7.02907e-05,1.35088e-06
57.9228,1,3.88673,3.12122e+07,7,30,4.07287,0,0.000481889,0.00199627,7.03442e-05,7.90104e-07
58.0228,1,3.87984,3.12122e+07,7,30,4.06562,0,-0.00082711,0.00247497,7.05634e-05,3.48704e-06
58.1228,1,3.88853,3.12122e+07,7,30,4.07477,0,0.000254889,0.00246313,7.05413e-05,8.61362e-08
58.2228,1,3.87591,3.12122e+07,7,30,4.06148,0,0.000203889,0.00166388,7.07788e-05,5.03182e-06
58.3228,1,3.88839,3.12122e+07,7,30,4.07462,0,-0.000138111,0.00185284,7.08068e-05,1.40794e-07
58.4228,1,3.88699,3.12122e+07,7,30,4.07315,0,-0.000114111,0.00188658,7.08517e-05,6.88443e-07
58.5228,1,3.88324,3.12122e+07,7,30,4.0692,0,-0.00085011,0.00221204,7.09742e-05,2.15725e-06
58.6228,1,3.8706,3.12122e+07,7,30,4.05589,0,0.000787887,0.00222129,7.1229e-05,7.1191e-06
58.7228,1,3.88695,3.12122e+07,7,30,4.0731,0,-9.81109e-05,0.00146616,7.1322e-05,7.04109e-07
58.8228,1,3.88766,3.12122e+07,7,30,4.07385,0,-5.11113e-06,0.00170473,7.13622e-05,4.25398e-07
58.9228,1,3.88827,3.12122e+07,7,30,4.07449,0,0.000124889,0.00180555,7.13821e-05,1.89015e-07
59.0228,1,3.8862,3.12122e+07,7,30,4.07232,0,0.000124889,0.00161213,7.1477e-05,9.97205e-07
59.1228,1,3.88801,3.12122e+07,7,30,4.07422,0,0.000331889,0.00156658,7.14829e-05,2.90138e-07
59.2228,1,3.8866,3.12122e+07,7,30,4.07274,0,-0.000152111,0.00222711,7.15751e-05,8.4094e-07
59.3228,1,3.88698,3.12122e+07,7,30,4.07313,0,4.58889e-05,0.00214817,7.1639e-05,6.94007e-07
59.4228,1,3.88299,3.12122e+07,7,30,4.06893,0,0.000491889,0.0020966,7.17459e-05,2.25491e-06
59.5228,0,3.88782,3.0588e+07,7,30,4.07402,0,8.98888e-05,0.00183597,7.18046e-05,3.64024e-07
59.6228,0,3.88284,2.99762e+07,6,29,4.07141,0,-6.11104e-06,0.00210587,7.19151e-05,1.33488e-06
59.7228,1,3.88548,2.99762e+07,6,29,4.07418,0,0.000187889,0.0019871,7.19176e-05,3.02899e-07
59.8228,2,3.88731,3.05758e+07,7,30,4.07349,0,0.000150889,0.00243523,7.19816e-05,5.62678e-07
59.9228,2,3.88795,3.11873e+07,7,30,4.07416,0,2.48889e-05,0.00183783,7.20085e-05,3.13406e-07
60.0228,2,3.86915,3.1811e+07,7,31,4.05437,0,-0.000797109,0.00224799,7.2252e-05,7.68803e-06
60.1228,0,3.88554,3.11748e+07,7,30,4.07162,0,9.48887e-05,0.00204516,7.23219e-05,1.25568e-06
60.2228,0,3.88753,3.05513e+07,7,30,4.07371,0,0.000375889,0.00161508,7.23584e-05,4.77339e-07
60.3228,1,3.88787,3.05513e+07,7,30,4.07408,0,-3.61112e-05,0.00196637,7.24128e-05,3.42345e-07
60.4228,0,3.87137,2.99403e+07,6,29,4.05934,0,-3.11116e-06,0.00170725,7.26187e-05,5.83152e-06
60.5228,2,3.88127,3.05391e+07,7,30,4.06713,0,-0.00043111,0.00165273,7.27724e-05,2.92744e-06
60.6228,2,3.88786,3.11499e+07,7,30,4.07406,0,-0.000373111,0.00193718,7.27894e-05,3.47831e-07
60.7228,2,3.8833,3.17729e+07,7,31,4.06926,0,0.00109689,0.0021737,7.28878e-05,2.13302e-06
60.8228,1,3.88685,3.17729e+07,7,31,4.073,0,0.000105889,0.00155218,7.30131e-05,7.41653e-07
60.9228,1,3.88718,3.17729e+07,7,31,4.07334,0,1.98889e-05,0.00144091,7.3034e-05,6.15461e-07
61.0228,1,3.88717,3.17729e+07,7,31,4.07333,0,-4.01111e-05,0.0017913,7.3077e-05,6.19496e-07
61.1228,1,3.88103,3.17729e+07,7,31,4.06687,0,0.000866888,0.00225986,7.32358e-05,3.02383e-06
61.2228,1,3.88718,3.17729e+07,7,31,4.07334,0,6.18887e-05,0.00180238,7.33362e-05,6.15031e-07
61.3228,0,3.88648,3.11374e+07,7,30,4.07261,0,-0.000672111,0.00206609,7.34208e-05,8.89428e-07
61.4228,0,3.88662,3.05147e+07,7,30,4.07276,0,-0.000579111,0.00205141,7.34711e-05,8.33831e-07
61.5228,0,3.86271,2.99044e+07,6,29,4.05022,0,-0.000446111,0.0017239,7.37978e-05,9.23996e-06
61.6228,2,3.88823,3.05025e+07,7,30,4.07445,0,0.000255889,0.0019235,7.3802e-05,2.03389e-07
61.7228,2,3.88501,3.11125e+07,7,30,4.07106,0,-0.000237111,0.00178131,7.39203e-05,1.46445e-06
61.8228,2,3.88787,3.17348e+07,7,31,4.07407,0,-9.11112e-06,0.00182449,7.39332e-05,3.44501e-07
61.9228,2,3.88839,3.23695e+07,7,32,4.07462,0,-3.8111e-05,0.00164557,7.39373e-05,1.42563e-07
62.0228,2,3.88861,3.30168e+07,7,32,4.07485,0,0.000113889,0.00205384,7.39179e-05,5.46754e-08
62.1228,2,3.88845,3.36772e+07,7,33,4.07468,0,1.78889e-05,0.00171348,7.39048e-05,1.17644e-07
62.2228,0,3.88705,3.30036e+07,7,32,4.07321,0,4.38888e-05,0.00179681,7.39583e-05,6.65593e-07
62.3228,1,3.88059,3.30036e+07,7,32,4.06641,0,-7.81108e-05,0.00275139,7.41032e-05,3.19331e-06
62.4228,1,3.88767,3.30036e+07,7,32,4.07386,0,-7.11111e-06,0.00192857,7.41523e-05,4.23973e-07
62.5228,1,3.88771,3.30036e+07,7,32,4.0739,0,0.000173889,0.0015894,7.42021e-05,4.06997e-07
62.6228,1,3.86647,3.30036e+07,7,32,4.05155,0,0.000397888,0.00168121,7.44814e-05,8.74228e-06
62.7228,1,3.88768,3.30036e+07,7,32,4.07388,0,-6.2111e-05,0.0020133,7.4545e-05,4.17486e-07
62.8228,1,3.88593,3.30036e+07,7,32,4.07203,0,0.000857889,0.0020885,7.45831e-05,1.10334e-06
62.9228,1,3.88549,3.30036e+07,7,32,4.07157,0,-0.000101111,0.001922,7.46871e-05,1.27583e-06
63.0228,1,3.88624,3.30036e+07,7,32,4.07236,0,-9.51112e-05,0.00193459,7.47574e-05,9.81381e-07
63.1228,1,3.88826,3.30036e+07,7,32,4.07448,0,-1.21111e-05,0.00196183,7.47816e-05,1.92164e-07
63.2228,1,3.88765,3.30036e+07,7,32,4.07385,0,0.000300889,0.00205069,7.48208e-05,4.28225e-07
63.3228,1,3.88636,3.30036e+07,7,32,4.07248,0,0.000495889,0.0021582,7.49036e-05,9.35087e-07
63.4228,1,3.8868,3.30036e+07,7,32,4.07295,0,-0.000625111,0.00223234,7.4997e-05,7.614e-07
63.5228,1,3.88797,3.30036e+07,7,32,4.07418,0,1.58889e-05,0.00169282,7.50167e-05,3.03834e-07
63.6228,1,3.88858,3.30036e+07,7,32,4.07482,0,-7.01111e-05,0.00139707,7.49974e-05,6.55309e-08
63.7228,1,3.88834,3.30036e+07,7,32,4.07457,0,-7.11111e-05,0.00164427,7.50085e-05,1.60962e-07
63.8228,1,3.88648,3.30036e+07,7,32,4.07261,0,0.000445889,0.00173277,7.5041e-05,8.87866e-07
63.9228,1,3.88081,3.30036e+07,7,32,4.06665,0,0.000264889,0.00206547,7.52522e-05,3.10683e-06
64.0228,0,3.88746,3.23436e+07,7,31,4.07364,0,8.88888e-05,0.00196399,7.53202e-05,5.0552e-07
64.1228,2,3.88724,3.29904e+07,7,32,4.07341,0,0.000172889,0.00197535,7.53806e-05,5.89007e-07
64.2228,2,3.8886,3.36502e+07,7,33,4.07485,0,-4.71111e-05,0.00163448,7.53673e-05,5.7248e-08
64.3228,1,3.88622,3.36502e+07,7,33,4.07233,0,-3.41112e-05,0.00191896,7.54771e-05,9.90967e-07
64.4228,1,3.88801,3.36502e+07,7,33,4.07422,0,-3.01112e-05,0.00186603,7.55019e-05,2.90953e-07
64.5228,1,3.88692,3.36502e+07,7,33,4.07307,0,0.000539889,0.00184036,7.55318e-05,7.16597e-07
64.6228,1,3.88387,3.36502e+07,7,33,4.06987,0,-0.000642111,0.00203436,7.57166e-05,1.90835e-06
64.7228,1,3.88816,3.36502e+07,7,33,4.07437,0,3.98889e-05,0.00161971,7.57232e-05,2.32225e-07
64.8228,1,3.87667,3.36502e+07,7,33,4.06229,0,0.000101889,0.00181938,7.59003e-05,4.73037e-06
64.9228,1,3.88787,3.36502e+07,7,33,4.07407,0,-0.000275111,0.00155203,7.59425e-05,3.4571e-07
65.0228,1,3.88578,3.36502e+07,7,33,4.07187,0,-0.000534111,0.00210929,7.60353e-05,1.16326e-06
65.1228,1,3.88676,3.36502e+07,7,33,4.07291,0,-0.000122111,0.001735,7.61251e-05,7.76932e-07
65.2228,1,3.88497,3.36502e+07,7,33,4.07103,0,-0.000828111,0.00216161,7.62021e-05,1.47671e-06
65.3228,1,3.88716,3.36502e+07,7,33,4.07332,0,0.000467889,0.00211069,7.62406e-05,6.2326e-07
65.4228,1,3.88592,3.36502e+07,7,33,4.07202,0,7.58886e-05,0.00174638,7.63279e-05,1.10606e-06
65.5228,1,3.88771,3.36502e+07,7,33,4.0739,0,0.000108889,0.00163417,7.6354e-05,4.07678e-07
65.6228,1,3.88008,3.36502e+07,7,33,4.06587,0,-0.00111611,0.00199598,7.6486e-05,3.39466e-06
65.7228,1,3.88851,3.36502e+07,7,33,4.07475,0,-9.3111e-05,0.00230148,7.64826e-05,9.22231e-08
65.8228,1,3.88691,3.36502e+07,7,33,4.07307,0,0.000795889,0.00201623,7.64744e-05,7.1868e-07
65.9228,1,3.88635,3.36502e+07,7,33,4.07247,0,0.000410889,0.00200575,7.65586e-05,9.4001e-07
66.0228,1,3.88301,3.36502e+07,7,33,4.06895,0,-0.000164111,0.00180132,7.67458e-05,2.24799e-06
66.1228,1,3.88848,3.36502e+07,7,33,4.07471,0,-0.000219111,0.00141706,7.67399e-05,1.0647e-07
66.2228,1,3.88653,3.36502e+07,7,33,4.07266,0,-0.000607111,0.00198552,7.68302e-05,8.67928e-07
66.3228,1,3.88352,3.36502e+07,7,33,4.0695,0,-0.000280111,0.00193638,7.69513e-05,2.0451e-06
66.4228,1,3.87958,3.36502e+07,7,33,4.06535,0,0.000117889,0.00227714,7.715e-05,3.58973e-06
66.5228,0,3.87064,3.29772e+07,7,32,4.05593,0,0.000345886,0.00210213,7.72977e-05,7.10346e-06
66.6228,2,3.88804,3.36368e+07,7,33,4.07425,0,-4.71111e-05,0.00136969,7.73277e-05,2.78897e-07
66.7228,2,3.88667,3.43095e+07,7,33,4.07281,0,0.000636888,0.00193436,7.73614e-05,8.14669e-07
66.8228,2,3.88569,3.49957e+07,7,34,4.07178,0,-0.000215111,0.00242449,7.74277e-05,1.19543e-06
66.9228,2,3.88013,3.56956e+07,8,35,4.06329,0,-0.000136111,0.00213471,7.76451e-05,4.35641e-06
67.0228,2,3.88859,3.64095e+07,8,35,4.0722,0,-0.00048511,0.00159608,7.7747e-05,1.04119e-06
67.1228,2,3.89065,3.71377e+07,8,36,4.07437,0,0.000410889,0.00193042,7.77392e-05,2.33241e-07
67.2228,2,3.88937,3.78805e+07,8,37,4.07303,0,-3.11109e-06,0.00183078,7.7821e-05,7.33543e-07
67.3228,2,3.89119,3.86381e+07,8,38,4.07493,0,3.48889e-05,0.00174554,7.77888e-05,2.4339e-08
67.4228,0,3.85214,3.78653e+07,8,37,4.03383,0,9.7888e-05,0.00212456,7.8036e-05,1.5395e-05
67.5228,0,3.8807,3.7108e+07,8,36,4.0639,0,0.000356888,0.00171842,7.81685e-05,4.13124e-06
67.6228,0,3.88705,3.63659e+07,8,35,4.07058,0,9.88881e-06,0.00191874,7.82566e-05,1.64448e-06
67.7228,0,3.89081,3.56385e+07,8,35,4.07454,0,4.88879e-06,0.00167553,7.8265e-05,1.70923e-07
67.8228,0,3.88862,3.49258e+07,7,34,4.07486,0,2.38888e-05,0.00183423,7.82445e-05,5.09881e-08
67.9228,2,3.87916,3.56243e+07,8,35,4.06227,0,-0.00138311,0.00228721,7.84468e-05,4.73809e-06
68.0228,0,3.88711,3.49118e+07,7,34,4.07328,0,-0.00050211,0.00251791,7.85167e-05,6.39668e-07
68.1228,2,3.89085,3.561e+07,8,35,4.07458,0,3.88894e-06,0.00229913,7.85031e-05,1.55029e-07
68.2228,2,3.89049,3.63222e+07,8,35,4.0742,0,-0.000160111,0.00161101,7.85502e-05,2.97836e-07
68.3228,2,3.88943,3.70487e+07,8,36,4.07309,0,0.000117889,0.00148796,7.86078e-05,7.09859e-07
68.4228,2,3.88436,3.77897e+07,8,37,4.06775,0,3.58888e-05,0.0015049,7.87534e-05,2.6947e-06
68.5228,2,3.89024,3.85455e+07,8,37,4.07394,0,0.000441889,0.0018579,7.87554e-05,3.9538e-07
68.6228,2,3.88634,3.93164e+07,8,38,4.06983,0,-0.000396111,0.00216761,7.89194e-05,1.92023e-06
68.7228,2,3.89235,4.01027e+07,9,39,4.07352,0,1.98889e-05,0.00230739,7.89456e-05,5.48489e-07
68.8228,2,3.88952,4.09047e+07,9,40,4.07055,0,8.58885e-05,0.00255981,7.90724e-05,1.65406e-06
68.9228,2,3.89196,4.17228e+07,9,40,4.07312,0,-0.000166111,0.0016483,7.9108e-05,6.98822e-07
69.0228,1,3.89249,4.17228e+07,9,40,4.07368,0,0.000141889,0.0020256,7.91235e-05,4.91244e-07
69.1228,2,3.89271,4.25573e+07,9,41,4.07391,0,1.48889e-05,0.00176868,7.91678e-05,4.06641e-07
69.2228,2,3.88937,4.34084e+07,9,42,4.07039,0,-6.11121e-06,0.00170244,7.92714e-05,1.71366e-06
69.3228,2,3.89298,4.42766e+07,9,43,4.07419,0,-4.01111e-05,0.00163188,7.92781e-05,3.0201e-07
69.4228,2,3.89553,4.51621e+07,10,44,4.07424,0,0.000380889,0.00173468,7.92894e-05,2.8072e-07
69.5228,1,3.89538,4.51621e+07,10,44,4.07408,0,-0.000291111,0.00205786,7.93406e-05,3.41372e-07
69.6228,1,3.88548,4.51621e+07,10,44,4.06366,0,3.5888e-05,0.00208108,7.9494e-05,4.22004e-06
69.7228,1,3.89459,4.51621e+07,10,44,4.07325,0,-0.000267111,0.00200131,7.95448e-05,6.5094e-07
69.8228,1,3.89302,4.51621e+07,10,44,4.0716,0,0.000705888,0.00185741,7.96284e-05,1.26514e-06
69.9228,1,3.89124,4.51621e+07,10,44,4.06973,0,0.000366888,0.0023679,7.9801e-05,1.96034e-06
70.0228,1,3.88523,4.51621e+07,10,44,4.0634,0,-0.00082811,0.00215953,8.00422e-05,4.31596e-06
70.1228,1,3.89234,4.51621e+07,10,44,4.07088,0,-0.00102611,0.00173989,8.01349e-05,1.53143e-06
70.2228,1,3.89199,4.51621e+07,10,44,4.07051,0,3.38885e-05,0.00209719,8.0269e-05,1.66766e-06
70.3228,1,3.89468,4.51621e+07,10,44,4.07335,0,9.68888e-05,0.00223209,8.02954e-05,6.13745e-07
70.4228,1,3.89374,4.51621e+07,10,44,4.07235,0,2.78889e-05,0.00194339,8.0342e-05,9.82854e-07
70.5228,1,3.87531,4.51621e+07,10,44,4.05295,0,0.000141888,0.00184386,8.0668e-05,8.21767e-06
70.6228,1,3.89152,4.51621e+07,10,44,4.07002,0,0.000207889,0.0020747,8.07742e-05,1.85154e-06
70.7228,1,3.89339,4.51621e+07,10,44,4.07199,0,0.000195888,0.0022463,8.08732e-05,1.11866e-06
70.8228,1,3.89546,4.51621e+07,10,44,4.07416,0,-4.31111e-05,0.00175118,8.08955e-05,3.10653e-07
70.9228,1,3.89238,4.51621e+07,10,44,4.07093,0,-0.00067211,0.00210178,8.10066e-05,1.5134e-06
71.0228,0,3.88688,4.42589e+07,9,43,4.06777,0,0.000156889,0.00194028,8.11657e-05,2.6871e-06
71.1228,2,3.88993,4.51441e+07,10,44,4.06835,0,-0.000471111,0.00232098,8.13346e-05,2.47157e-06
71.2228,2,3.89507,4.6047e+07,10,45,4.07376,0,-6.11111e-05,0.002124,8.13814e-05,4.6212e-07
71.3228,2,3.89262,4.69679e+07,10,45,4.07118,0,0.000691888,0.00253849,8.14763e-05,1.4185e-06
71.4228,2,3.88826,4.79073e+07,10,46,4.06659,0,-0.000240112,0.00204432,8.16894e-05,3.12653e-06
71.5228,2,3.89537,4.88654e+07,10,47,4.07407,0,-0.000313111,0.00204641,8.16945e-05,3.45172e-07
71.6228,2,3.89492,4.98427e+07,10,48,4.07359,0,-8.2111e-05,0.00233826,8.17582e-05,5.21925e-07
71.7228,1,3.89025,4.98427e+07,10,48,4.06868,0,-0.000466111,0.00208009,8.19552e-05,2.3485e-06
71.8228,1,3.88628,4.98427e+07,10,48,4.0645,0,8.5888e-05,0.00209657,8.22051e-05,3.90603e-06
71.9228,0,3.89526,4.88459e+07,10,47,4.07395,0,-4.51113e-05,0.00197385,8.2241e-05,3.88969e-07
72.0228,2,3.8937,4.98228e+07,10,48,4.07232,0,-0.000165111,0.00201515,8.23019e-05,9.97214e-07
72.1228,2,3.89466,5.08192e+07,11,49,4.07069,0,0.000194889,0.00208975,8.24154e-05,1.60149e-06
72.2228,2,3.89658,5.18356e+07,11,50,4.07272,0,9.88902e-06,0.00175292,8.24713e-05,8.48381e-07
72.3228,2,3.89505,5.28723e+07,11,51,4.0711,0,0.000407889,0.00244891,8.25818e-05,1.44744e-06
72.4228,2,3.89328,5.39298e+07,11,52,4.06924,0,0.000835888,0.00244413,8.27321e-05,2.14228e-06
72.5228,2,3.89541,5.50084e+07,12,53,4.06886,0,0.000548889,0.00214891,8.29035e-05,2.284e-06
72.6228,0,3.88603,5.39082e+07,11,52,4.06161,0,-5.71103e-05,0.00228989,8.31515e-05,4.9833e-06
72.7228,2,3.88604,5.49864e+07,11,53,4.06162,0,-3.81112e-05,0.00197229,8.34182e-05,4.97944e-06
72.8228,2,3.89187,5.60861e+07,12,54,4.06513,0,-0.000279111,0.00162748,8.36159e-05,3.67143e-06
72.9228,1,3.89774,5.60861e+07,12,54,4.0713,0,0.000155889,0.00206339,8.36854e-05,1.37432e-06
73.0228,1,3.89299,5.60861e+07,12,54,4.0663,0,-0.000355111,0.00188016,8.38958e-05,3.23486e-06
73.1228,1,3.88055,5.60861e+07,12,54,4.05321,0,-0.00184111,0.00228105,8.41468e-05,8.12047e-06
73.2228,1,3.89607,5.60861e+07,12,54,4.06955,0,-3.91115e-05,0.00180047,8.42837e-05,2.0272e-06
73.3228,1,3.88215,5.60861e+07,12,54,4.05489,0,-8.51117e-05,0.00248773,8.46135e-05,7.49276e-06
73.4228,1,3.89234,5.60861e+07,12,54,4.06562,0,0.000784887,0.00242449,8.47607e-05,3.48946e-06
73.5228,1,3.89475,5.60861e+07,12,54,4.06816,0,0.000241888,0.00228131,8.49295e-05,2.5424e-06
73.6228,1,3.89526,5.60861e+07,12,54,4.06869,0,0.000356888,0.00238681,8.51126e-05,2.34557e-06
73.7228,1,3.89851,5.60861e+07,12,54,4.07212,0,6.88885e-06,0.00247421,8.51758e-05,1.07124e-06
73.8228,1,3.89933,5.60861e+07,12,54,4.07298,0,0.000394889,0.00200227,8.52544e-05,7.51153e-07
73.9228,1,3.89971,5.60861e+07,12,54,4.07337,0,-0.000411111,0.00226576,8.53119e-05,6.03643e-07
74.0228,1,3.89521,5.60861e+07,12,54,4.06864,0,0.000402888,0.00222539,8.54811e-05,2.36277e-06
74.1228,1,3.89566,5.60861e+07,12,54,4.06911,0,-0.000115111,0.00214923,8.56598e-05,2.18766e-06
74.2228,1,3.8937,5.60861e+07,12,54,4.06705,0,0.000375889,0.00236978,8.58146e-05,2.95656e-06
74.3228,1,3.89236,5.60861e+07,12,54,4.06564,0,0.00125489,0.00219071,8.5998e-05,3.48051e-06
74.4228,0,3.89525,5.49644e+07,11,53,4.07131,0,0.000289889,0.00264178,8.6134e-05,1.3698e-06
74.5228,2,3.89607,5.60637e+07,12,54,4.06955,0,-0.000336111,0.00197666,8.62788e-05,2.02511e-06
74.6228,2,3.89843,5.71849e+07,12,55,4.07203,0,0.000489889,0.00217335,8.6356e-05,1.10474e-06
74.7228,2,3.88589,5.83286e+07,12,56,4.05883,0,0.000456888,0.00233373,8.66241e-05,6.0222e-06
74.8228,2,3.88998,5.94952e+07,12,57,4.06314,0,-0.00021211,0.00256739,8.68346e-05,4.41282e-06
74.9228,2,3.90257,6.06851e+07,13,59,4.07376,0,2.18886e-05,0.002186,8.68752e-05,4.60171e-07
75.0228,2,3.89097,6.18988e+07,13,60,4.06155,0,0.000103888,0.00253227,8.71471e-05,5.00538e-06
75.1228,2,3.89392,6.31368e+07,13,61,4.06465,0,-0.000968109,0.0025539,8.73374e-05,3.84842e-06
75.2228,0,3.90184,6.1874e+07,13,60,4.07299,0,-0.00036111,0.0022642,8.73847e-05,7.48487e-07
75.3228,1,3.89566,6.1874e+07,13,60,4.06648,0,-0.000116111,0.00246773,8.75282e-05,3.16723e-06
75.4228,1,3.89652,6.1874e+07,13,60,4.06739,0,0.000376889,0.00271346,8.76873e-05,2.82926e-06
75.5228,1,3.88565,6.1874e+07,13,60,4.05595,0,-0.000765109,0.00192224,8.80262e-05,7.09699e-06
75.6228,1,3.89936,6.1874e+07,13,60,4.07037,0,0.000469888,0.00236007,8.81164e-05,1.71938e-06
75.7228,1,3.90085,6.1874e+07,13,60,4.07195,0,1.08885e-05,0.0021476,8.82152e-05,1.13437e-06
75.8228,1,3.88984,6.1874e+07,13,60,4.06035,0,-0.00060511,0.00229066,8.84679e-05,5.45266e-06
75.9228,1,3.89808,6.1874e+07,13,60,4.06903,0,-0.000856109,0.00247962,8.86355e-05,2.21925e-06
76.0228,1,3.89158,6.1874e+07,13,60,4.06219,0,-0.000103111,0.00188718,8.88386e-05,4.76783e-06
76.1228,1,3.90038,6.1874e+07,13,60,4.07145,0,-1.61111e-05,0.00213434,8.8923e-05,1.31745e-06
76.2228,0,3.89228,6.06366e+07,13,59,4.06293,0,-0.00086211,0.00222554,8.91862e-05,4.49243e-06
76.3228,1,3.88913,6.06366e+07,13,59,4.05961,0,0.000196887,0.00259525,8.94371e-05,5.72901e-06
76.4228,1,3.90131,6.06366e+07,13,59,4.07243,0,-3.41112e-05,0.00193596,8.95081e-05,9.53719e-07
76.5228,1,3.89732,6.06366e+07,13,59,4.06823,0,-0.000395111,0.00228185,8.96688e-05,2.51789e-06
76.6228,1,3.90047,6.06366e+07,13,59,4.07155,0,-0.000177111,0.00220387,8.97645e-05,1.28359e-06
76.7228,1,3.89583,6.06366e+07,13,59,4.06666,0,6.78886e-05,0.00189903,8.99635e-05,3.10051e-06
76.8228,1,3.89593,6.06366e+07,13,59,4.06677,0,6.78888e-05,0.00251078,9.00761e-05,3.05922e-06
76.9228,1,3.89969,6.06366e+07,13,59,4.07072,0,0.000731888,0.0024645,9.01501e-05,1.58941e-06
77.0228,1,3.88162,6.06366e+07,13,59,4.0517,0,0.000216888,0.00214161,9.04258e-05,8.68653e-06
77.1228,1,3.90068,6.06366e+07,13,59,4.07177,0,-0.00024311,0.00213595,9.05139e-05,1.20166e-06
77.2228,1,3.89955,6.06366e+07,13,59,4.07058,0,0.000311888,0.00208806,9.0654e-05,1.64267e-06
77.3228,1,3.90218,6.06366e+07,13,59,4.07335,0,-0.000188111,0.00198812,9.07024e-05,6.12423e-07
77.4228,1,3.89721,6.06366e+07,13,59,4.06812,0,-0.00116911,0.00209796,9.08197e-05,2.5594e-06
77.5228,0,3.89769,5.94238e+07,12,57,4.07125,0,-9.11132e-06,0.00229575,9.09114e-05,1.39201e-06
77.6228,1,3.89413,5.94238e+07,12,57,4.0675,0,0.000217888,0.0019909,9.11048e-05,2.78778e-06
77.7228,1,3.8967,5.94238e+07,12,57,4.07021,0,0.000759888,0.00232403,9.11831e-05,1.78024e-06
77.8228,1,3.89476,5.94238e+07,12,57,4.06817,0,3.38889e-05,0.00201377,9.13618e-05,2.53867e-06
77.9228,1,3.89114,5.94238e+07,12,57,4.06436,0,0.000441888,0.00211776,9.15125e-05,3.95735e-06
78.0228,0,3.89499,5.82354e+07,12,56,4.06841,0,0.000333888,0.00264648,9.16382e-05,2.44827e-06
78.1228,0,3.89822,5.70707e+07,12,55,4.07181,0,-0.000132111,0.00200679,9.17621e-05,1.18469e-06
78.2228,0,3.88862,5.59292e+07,12,54,4.06171,0,-0.000472109,0.00252292,9.20114e-05,4.94793e-06
78.3228,0,3.88885,5.48107e+07,11,53,4.06458,0,0.000769888,0.00207511,9.22542e-05,3.87717e-06
78.4228,0,3.88839,5.37144e+07,11,52,4.0641,0,9.28888e-05,0.00206282,9.25007e-05,4.05644e-06
78.5228,2,3.89499,5.47887e+07,11,53,4.07104,0,-0.00073311,0.00187371,9.25997e-05,1.47166e-06
78.6228,2,3.89893,5.58845e+07,12,54,4.07255,0,-0.00038611,0.0022405,9.26284e-05,9.08936e-07
78.7228,2,3.89795,5.70022e+07,12,55,4.07153,0,1.58888e-05,0.00199543,9.27509e-05,1.29017e-06
78.8228,2,3.89952,5.81422e+07,12,56,4.07318,0,0.000441889,0.00240807,9.27991e-05,6.77457e-07
78.9228,2,3.8863,5.93051e+07,12,57,4.05926,0,-1.11745e-07,0.00207973,9.30758e-05,5.85966e-06
79.0228,2,3.90141,6.04912e+07,13,58,4.07254,0,0.000174889,0.00247144,9.31413e-05,9.14441e-07
79.1228,0,3.88996,5.92814e+07,12,57,4.06312,0,-0.00132711,0.00226976,9.33862e-05,4.42184e-06
79.2228,2,3.89964,6.0467e+07,13,58,4.07067,0,0.000373888,0.00177378,9.35063e-05,1.60755e-06
79.3228,2,3.90279,6.16763e+07,13,60,4.07399,0,0.000135889,0.00232178,9.35299e-05,3.73585e-07
79.4228,0,3.90162,6.04428e+07,13,58,4.07276,0,-3.21111e-05,0.00203469,9.35749e-05,8.31261e-07
79.5228,0,3.89292,5.92339e+07,12,57,4.06623,0,-0.000315111,0.00224517,9.37218e-05,3.26109e-06
79.6228,1,3.89545,5.92339e+07,12,57,4.06889,0,0.000163889,0.00178447,9.388e-05,2.27087e-06
79.7228,1,3.89803,5.92339e+07,12,57,4.07162,0,0.000505888,0.00239159,9.39793e-05,1.25763e-06
79.8228,0,3.89528,5.80493e+07,12,56,4.06871,0,-0.00084011,0.00214124,9.4183e-05,2.33696e-06
79.9228,0,3.89257,5.68883e+07,12,55,4.06586,0,-0.00045611,0.00237599,9.43877e-05,3.39863e-06
80.0228,0,3.89494,5.57505e+07,12,54,4.06836,0,0.000297889,0.00276218,9.44814e-05,2.46975e-06
80.1228,1,3.88862,5.57505e+07,12,54,4.0617,0,-0.00029511,0.00185764,9.4801e-05,4.94974e-06
80.2228,1,3.89199,5.57505e+07,12,54,4.06525,0,0.000331887,0.00239574,9.50108e-05,3.62551e-06
80.3228,0,3.89654,5.46355e+07,11,53,4.07268,0,0.000444888,0.00203869,9.50968e-05,8.62863e-07
80.4228,1,3.8944,5.46355e+07,11,53,4.07042,0,0.000441889,0.00209874,9.52252e-05,1.70295e-06
80.5228,2,3.8961,5.57282e+07,12,54,4.06958,0,-0.000333111,0.00216769,9.5397e-05,2.0149e-06
80.6228,2,3.89691,5.68428e+07,12,55,4.07043,0,0.000199888,0.00224327,9.55446e-05,1.69658e-06
80.7228,2,3.88343,5.79796e+07,12,56,4.05624,0,-0.00071411,0.00176232,9.58101e-05,6.98859e-06
80.8228,1,3.89956,5.79796e+07,12,56,4.07322,0,-0.00037511,0.00201786,9.58675e-05,6.6128e-07
80.9228,1,3.88616,5.79796e+07,12,56,4.05912,0,-0.000415109,0.00329026,9.60646e-05,5.91341e-06
81.0228,1,3.89613,5.79796e+07,12,56,4.06961,0,4.08881e-05,0.00204262,9.62108e-05,2.00296e-06
81.1228,1,3.88988,5.79796e+07,12,56,4.06304,0,0.000102889,0.00248839,9.64053e-05,4.45172e-06
81.2228,1,3.88765,5.79796e+07,12,56,4.06069,0,-0.00145411,0.00212423,9.66465e-05,5.32794e-06
81.3228,1,3.89809,5.79796e+07,12,56,4.07167,0,2.88803e-06,0.00217458,9.67159e-05,1.23555e-06
81.4228,1,3.89734,5.79796e+07,12,56,4.07089,0,0.000525889,0.0022723,9.68259e-05,1.52905e-06
81.5228,0,3.88947,5.682e+07,12,55,4.0626,0,-0.000228111,0.00201892,9.70775e-05,4.61556e-06
81.6228,0,3.88843,5.56836e+07,12,54,4.06151,0,-0.00037211,0.00181604,9.73312e-05,5.0225e-06
81.7228,0,3.89383,5.457e+07,11,53,4.06982,0,-2.7111e-05,0.00222793,9.74315e-05,1.92467e-06
81.8228,0,3.88601,5.34786e+07,11,52,4.06159,0,0.000133889,0.00222052,9.76854e-05,4.9923e-06
81.9228,2,3.89453,5.45481e+07,11,53,4.07056,0,-3.61107e-05,0.00191567,9.7814e-05,1.65031e-06
82.0228,2,3.8921,5.56391e+07,12,54,4.06537,0,-0.000401111,0.00239615,9.80368e-05,3.58268e-06
82.1228,2,3.88865,5.67519e+07,12,55,4.06173,0,-0.000190111,0.0021053,9.82705e-05,4.93711e-06
82.2228,2,3.89434,5.78869e+07,12,56,4.06772,0,-0.00017211,0.00231447,9.84001e-05,2.70561e-06
82.3228,1,3.88934,5.78869e+07,12,56,4.06247,0,0.000484888,0.0024035,9.85947e-05,4.66429e-06
82.4228,1,3.9007,5.78869e+07,12,56,4.07442,0,0.000143889,0.00214104,9.85905e-05,2.1413e-07
82.5228,1,3.88737,5.78869e+07,12,56,4.06039,0,-0.00100811,0.00218085,9.88792e-05,5.4379e-06
82.6228,0,3.89472,5.67292e+07,12,55,4.06812,0,0.000236888,0.00256976,9.90289e-05,2.55644e-06
82.7228,1,3.89839,5.67292e+07,12,55,4.07199,0,0.000560888,0.00237769,9.91121e-05,1.11747e-06
82.8228,1,3.8966,5.67292e+07,12,55,4.0701,0,4.88884e-05,0.0025583,9.92274e-05,1.81962e-06
82.9228,1,3.89167,5.67292e+07,12,55,4.06492,0,-0.00104911,0.00229746,9.9406e-05,3.75121e-06
83.0228,1,3.89796,5.67292e+07,12,55,4.07154,0,0.000818888,0.00207993,9.94715e-05,1.28499e-06
83.1228,1,3.89293,5.67292e+07,12,55,4.06624,0,0.000791888,0.0022095,9.96452e-05,3.25752e-06
83.2228,0,3.88969,5.55946e+07,12,54,4.06283,0,-0.00035811,0.00171163,9.98957e-05,4.52846e-06
83.3228,0,3.88562,5.44827e+07,11,53,4.06118,0,-0.00047811,0.00217586,0.000100097,5.145e-06
83.4228,2,3.8975,5.55724e+07,12,54,4.07105,0,-5.01115e-05,0.00172987,0.000100208,1.46744e-06
83.5228,1,3.88519,5.55724e+07,12,54,4.05809,0,-0.00102411,0.00213989,0.000100463,6.29613e-06
83.6228,1,3.89634,5.55724e+07,12,54,4.06983,0,-0.000325111,0.00245078,0.000100583,1.9222e-06
83.7228,1,3.89884,5.55724e+07,12,54,4.07247,0,-0.000483111,0.00173695,0.000100682,9.41256e-07
83.8228,1,3.89642,5.55724e+07,12,54,4.06991,0,-0.000261111,0.00230088,0.000100798,1.89126e-06
83.9228,1,3.89433,5.55724e+07,12,54,4.06771,0,0.000593888,0.0023311,0.000100898,2.70937e-06
84.0228,0,3.88657,5.44609e+07,11,53,4.06218,0,0.000713888,0.00213725,0.00010109,4.77094e-06
84.1228,0,3.88464,5.33717e+07,11,52,4.06015,0,-0.000809111,0.00256649,0.000101409,5.52904e-06
84.2228,2,3.88834,5.44391e+07,11,53,4.06404,0,-0.000721109,0.00224599,0.000101621,4.07858e-06
84.3228,2,3.89934,5.55279e+07,12,54,4.07299,0,-9.11152e-06,0.00182504,0.000101683,7.46717e-07
84.4228,1,3.89594,5.55279e+07,12,54,4.06941,0,6.98881e-05,0.00225253,0.00010182,2.07686e-06
84.5228,0,3.89146,5.44174e+07,11,53,4.06733,0,-0.000173111,0.00184392,0.000101977,2.85376e-06
84.6228,2,3.89465,5.55057e+07,12,54,4.06805,0,-0.00061611,0.00222015,0.000102057,2.58387e-06
84.7228,2,3.89396,5.66158e+07,12,55,4.06732,0,-0.00091711,0.00264291,0.000102223,2.85424e-06
84.8228,2,3.88524,5.77481e+07,12,56,4.05815,0,-0.00035611,0.00198352,0.000102448,6.2764e-06
84.9228,2,3.88729,5.89031e+07,12,57,4.0603,0,0.000897887,0.00260053,0.000102705,5.47069e-06
85.0228,0,3.89382,5.7725e+07,12,56,4.06717,0,0.000275888,0.00190205,0.000102936,2.90987e-06
85.1228,0,3.89917,5.65705e+07,12,55,4.07281,0,9.88894e-05,0.00240004,0.000102964,8.13761e-07
85.2228,0,3.89619,5.54391e+07,12,54,4.06967,0,-0.000196112,0.00183957,0.000103131,1.98075e-06
85.3228,0,3.88973,5.43303e+07,11,53,4.0655,0,-0.000675111,0.00233249,0.000103305,3.53305e-06
85.4228,2,3.89833,5.54169e+07,12,54,4.07192,0,0.000461889,0.00220095,0.000103342,1.14255e-06
85.5228,0,3.89363,5.43086e+07,11,53,4.06961,0,0.000475889,0.00221398,0.000103492,2.00182e-06
85.6228,2,3.89595,5.53948e+07,12,54,4.06942,0,0.000202889,0.0019117,0.000103662,2.07419e-06
85.7228,2,3.89667,5.65027e+07,12,55,4.07018,0,0.000283888,0.00201347,0.000103792,1.79086e-06
85.8228,1,3.89571,5.65027e+07,12,55,4.06916,0,0.000214889,0.00214211,0.000103914,2.16956e-06
85.9228,1,3.89469,5.65027e+07,12,55,4.0681,0,-0.00069111,0.0023166,0.000104118,2.56723e-06
86.0228,1,3.89703,5.65027e+07,12,55,4.07056,0,-0.00050011,0.00198904,0.000104218,1.65104e-06
86.1228,0,3.88901,5.53726e+07,12,54,4.06212,0,-0.00088711,0.00201254,0.000104491,4.79312e-06
86.2228,1,3.77817,5.53726e+07,12,54,3.94545,0,5.48769e-05,0.00283912,0.000104956,4.91786e-05
86.3228,0,3.89371,5.42652e+07,11,52,4.0697,0,1.88879e-05,0.00285558,0.000105063,1.97156e-06
86.4228,2,3.89574,5.53505e+07,12,54,4.0692,0,0.000382886,0.00185966,0.000105199,2.15579e-06
86.5228,2,3.89717,5.64575e+07,12,55,4.07071,0,-0.000373109,0.00182079,0.000105327,1.59484e-06
86.6228,2,3.8952,5.75866e+07,12,56,4.06863,0,-0.000735109,0.00290529,0.00010545,2.36722e-06
86.7228,2,3.89177,5.87384e+07,12,57,4.06502,0,1.389e-05,0.00293181,0.000105653,3.71184e-06
86.8228,0,3.89452,5.75636e+07,12,56,4.06792,0,-6.01102e-05,0.00247643,0.000105817,2.63416e-06
86.9228,0,3.89271,5.64123e+07,12,55,4.06601,0,6.78891e-05,0.00248492,0.000105997,3.3445e-06
87.0228,0,3.89506,5.52841e+07,12,53,4.06848,0,4.88884e-06,0.00239581,0.000106124,2.42354e-06
87.1228,0,3.89538,5.41784e+07,11,52,4.07145,0,-0.000141111,0.00190302,0.000106217,1.3175e-06
87.2228,2,3.8639,5.5262e+07,12,53,4.03568,0,0.000310889,0.00213144,0.000106457,1.46968e-05
87.3228,1,3.89068,5.5262e+07,12,53,4.06387,0,-4.01106e-05,0.00201073,0.000106675,4.13979e-06
87.4228,1,3.89213,5.5262e+07,12,53,4.0654,0,0.000849886,0.00217675,0.000106877,3.57101e-06
87.5228,1,3.89491,5.5262e+07,12,53,4.06832,0,0.000377887,0.00221878,0.00010703,2.48284e-06
87.6228,1,3.90008,5.5262e+07,12,53,4.07377,0,0.000415888,0.00243204,0.000107037,4.58364e-07
87.7228,1,3.8981,5.5262e+07,12,53,4.07168,0,-2.51105e-05,0.00224028,0.000107082,1.23273e-06
87.8228,1,3.89358,5.5262e+07,12,53,4.06692,0,0.000721888,0.00212737,0.000107224,3.00287e-06
87.9228,1,3.88603,5.5262e+07,12,53,4.05898,0,0.000155889,0.00196641,0.000107515,5.96691e-06
88.0228,1,3.89687,5.5262e+07,12,53,4.07039,0,-0.00013811,0.00206036,0.000107621,1.71285e-06
88.1228,1,3.89288,5.5262e+07,12,53,4.06619,0,0.000238888,0.00210221,0.000107796,3.27688e-06
88.2228,1,3.8979,5.5262e+07,12,53,4.07148,0,0.000236888,0.00191502,0.00010786,1.3097e-06
88.3228,1,3.90001,5.5262e+07,12,53,4.07369,0,0.000270889,0.00195939,0.000107886,4.84973e-07
88.4228,1,3.89708,5.5262e+07,12,53,4.07061,0,-9.81111e-05,0.00184785,0.000107984,1.63083e-06
88.5228,1,3.89904,5.5262e+07,12,53,4.07268,0,0.000875889,0.00218846,0.000107976,8.62414e-07
88.6228,0,3.87901,5.41567e+07,11,52,4.05422,0,9.98884e-05,0.00181105,0.000108323,7.74303e-06
88.7228,2,3.88779,5.52399e+07,12,53,4.06083,0,-3.01122e-05,0.00171824,0.000108566,5.27459e-06
88.8228,1,3.89586,5.52399e+07,12,53,4.06933,0,-0.00095611,0.00222821,0.000108695,2.1073e-06
88.9228,1,3.89562,5.52399e+07,12,53,4.06907,0,0.000128889,0.00222423,0.000108813,2.2044e-06
89.0228,0,3.89523,5.41351e+07,11,52,4.07129,0,0.000836888,0.0023541,0.000108859,1.37835e-06
89.1228,2,3.88511,5.52178e+07,12,53,4.05801,0,-0.00050511,0.00189048,0.000109163,6.32793e-06
89.2228,2,3.89581,5.63221e+07,12,54,4.06927,0,9.28881e-05,0.00193761,0.000109293,2.13029e-06
89.3228,2,3.89101,5.74486e+07,12,56,4.06422,0,0.000885887,0.00203574,0.000109492,4.0103e-06
89.4228,2,3.89268,5.85975e+07,12,57,4.06598,0,-0.00037011,0.00236809,0.000109719,3.35608e-06
89.5228,2,3.89549,5.97695e+07,12,58,4.06894,0,-0.00062011,0.00229627,0.000109832,2.25277e-06
89.6228,2,3.90023,6.09649e+07,13,59,4.0713,0,-0.00066811,0.00227654,0.000109911,1.37608e-06
89.7228,2,3.89332,6.21842e+07,13,60,4.06402,0,0.000847888,0.00226799,0.00011008,4.08594e-06
89.8228,1,3.90089,6.21842e+07,13,60,4.07199,0,-0.000199111,0.00220667,0.000110177,1.11971e-06
89.9228,1,3.88998,6.21842e+07,13,60,4.06051,0,-0.000647111,0.0023041,0.000110427,5.39591e-06
90.0228,1,3.8953,6.21842e+07,13,60,4.0661,0,-0.000993109,0.00201969,0.000110587,3.30962e-06
90.1228,1,3.88902,6.21842e+07,13,60,4.0595,0,-0.00075911,0.00235099,0.000110806,5.77224e-06
90.2228,1,3.89596,6.21842e+07,13,60,4.0668,0,0.000126889,0.0021256,0.000110947,3.04992e-06
90.3228,0,3.89654,6.09405e+07,13,59,4.06741,0,-0.00115711,0.00257255,0.000111109,2.82265e-06
90.4228,0,3.89726,5.97217e+07,12,58,4.0708,0,0.000606888,0.00223086,0.000111209,1.56086e-06
90.5228,0,3.89791,5.85272e+07,12,57,4.07148,0,0.000533888,0.00221434,0.000111284,1.30768e-06
90.6228,2,3.8993,5.96978e+07,12,58,4.07295,0,0.000184889,0.00254211,0.000111347,7.61318e-07
90.7228,2,3.89707,6.08917e+07,13,59,4.06797,0,-0.00061711,0.00230929,0.000111538,2.61324e-06
90.8228,1,3.89494,6.08917e+07,13,59,4.06573,0,2.88792e-06,0.0022766,0.00011168,3.44809e-06
90.9228,1,3.90149,6.08917e+07,13,59,4.07262,0,-0.000269111,0.00229063,0.000111735,8.84962e-07
91.0228,1,3.90019,6.08917e+07,13,59,4.07126,0,-0.000210111,0.00207804,0.000111851,1.39116e-06
91.1228,1,3.89653,6.08917e+07,13,59,4.0674,0,0.000384888,0.00270793,0.000112001,2.82484e-06
91.2228,1,3.8893,6.08917e+07,13,59,4.05979,0,0.000973888,0.00238982,0.000112191,5.6637e-06
91.3228,1,3.89253,6.08917e+07,13,59,4.06319,0,-0.00121011,0.00271208,0.000112443,4.39454e-06
91.4228,1,3.88984,6.08917e+07,13,59,4.06036,0,-0.00133411,0.00284398,0.000112668,5.45142e-06
91.5228,1,3.90093,6.08917e+07,13,59,4.07203,0,-4.21103e-05,0.0029175,0.00011272,1.10432e-06
91.6228,1,3.89884,6.08917e+07,13,59,4.06984,0,8.68879e-05,0.00231479,0.000112855,1.91919e-06
91.7228,1,3.89614,6.08917e+07,13,59,4.06699,0,-2.71119e-05,0.00196203,0.000113043,2.97825e-06
91.8228,1,3.89854,6.08917e+07,13,59,4.06951,0,-0.00016411,0.00264911,0.000113158,2.03998e-06
91.9228,1,3.90204,6.08917e+07,13,59,4.07321,0,0.000392889,0.00255385,0.000113191,6.66787e-07
92.0228,1,3.90222,6.08917e+07,13,59,4.07338,0,-0.000252111,0.00198572,0.000113265,6.00195e-07
92.1228,1,3.89568,6.08917e+07,13,59,4.0665,0,0.000307888,0.00209447,0.000113443,3.16023e-06
92.2228,1,3.89403,6.08917e+07,13,59,4.06477,0,0.000142889,0.00241395,0.000113649,3.8054e-06
92.3228,1,3.89914,6.08917e+07,13,59,4.07015,0,-0.00046211,0.00242337,0.000113768,1.80336e-06
92.4228,1,3.90087,6.08917e+07,13,59,4.07197,0,3.88893e-05,0.00239408,0.000113811,1.12763e-06
92.5228,1,3.88462,6.08917e+07,13,59,4.05486,0,-0.000924109,0.00272262,0.000114111,7.50429e-06
92.6228,1,3.89364,6.08917e+07,13,59,4.06436,0,-0.00068611,0.00251984,0.000114313,3.95939e-06
92.7228,1,3.90157,6.08917e+07,13,59,4.07271,0,-2.11121e-06,0.00203741,0.000114345,8.52212e-07
92.8228,1,3.89812,6.08917e+07,13,59,4.06908,0,-0.000534111,0.00221732,0.000114475,2.20117e-06
92.9228,1,3.89759,6.08917e+07,13,59,4.06851,0,-0.00057911,0.00239646,0.000114653,2.41111e-06
93.0228,1,3.89292,6.08917e+07,13,59,4.0636,0,-0.00037611,0.00251633,0.000114886,4.24307e-06
93.1228,1,3.89922,6.08917e+07,13,59,4.07023,0,0.000358888,0.00228136,0.000115014,1.7726e-06
93.2228,1,3.89754,6.08917e+07,13,59,4.06846,0,5.58885e-05,0.00229361,0.000115199,2.43071e-06
93.3228,1,3.89748,6.08917e+07,13,59,4.0684,0,-0.00044311,0.00247851,0.000115327,2.45321e-06
93.4228,1,3.89764,6.08917e+07,13,59,4.06857,0,-0.000200111,0.00192975,0.000115491,2.39087e-06
93.5228,1,3.89302,6.08917e+07,13,59,4.0637,0,0.00157189,0.00294181,0.000115574,4.20317e-06
93.6228,1,3.8906,6.08917e+07,13,59,4.06116,0,0.000335888,0.00193937,0.000115888,5.15302e-06
93.7228,1,3.89447,6.08917e+07,13,59,4.06523,0,-0.00120011,0.00279637,0.000116038,3.63233e-06
93.8228,1,3.9027,6.08917e+07,13,59,4.0739,0,-7.9111e-05,0.00197205,0.000116051,4.08733e-07
93.9228,1,3.89983,6.08917e+07,13,59,4.07088,0,-1.11107e-05,0.00250982,0.000116102,1.53226e-06
94.0228,1,3.89194,6.08917e+07,13,59,4.06257,0,-0.00105311,0.00229909,0.000116366,4.62438e-06
94.1228,1,3.90066,6.08917e+07,13,59,4.07175,0,-0.00055911,0.00191364,0.000116445,1.20675e-06
94.2228,0,3.89642,5.96739e+07,12,58,4.06991,0,0.000513888,0.00258506,0.000116514,1.89161e-06
94.3228,2,3.89805,6.08674e+07,13,59,4.069,0,-0.00042911,0.00229957,0.00011668,2.2307e-06
94.4228,2,3.90123,6.20847e+07,13,60,4.07235,0,0.000436888,0.00230487,0.000116735,9.83911e-07
94.5228,2,3.89522,6.33264e+07,13,61,4.06603,0,0.000284888,0.00200972,0.000116969,3.33768e-06
94.6228,2,3.90239,6.4593e+07,13,62,4.07357,0,0.000456888,0.00199853,0.000116991,5.3226e-07
94.7228,0,3.89179,6.33011e+07,13,61,4.06241,0,0.000349889,0.00294261,0.000117122,4.6854e-06
94.8228,0,3.89235,6.20351e+07,13,60,4.063,0,0.000200889,0.00250604,0.000117381,4.46654e-06
94.9228,0,3.9009,6.07944e+07,13,59,4.072,0,-6.01111e-05,0.00244962,0.000117432,1.1144e-06
95.0228,0,3.89766,5.95785e+07,12,58,4.07122,0,5.08883e-05,0.00204665,0.000117488,1.40457e-06
95.1228,2,3.89794,6.07701e+07,13,59,4.06888,0,-0.000116111,0.00246558,0.000117609,2.27511e-06
95.2228,1,3.90128,6.07701e+07,13,59,4.07241,0,0.000205889,0.00200388,0.000117641,9.64114e-07
95.3228,0,3.89581,5.95547e+07,12,58,4.06927,0,-0.00064111,0.00229031,0.000117787,2.13048e-06
95.4228,2,3.89949,6.07458e+07,13,59,4.07051,0,-0.000157111,0.00273776,0.000117891,1.66739e-06
95.5228,2,3.902,6.19607e+07,13,60,4.07316,0,5.88868e-06,0.00274517,0.000117941,6.84362e-07
95.6228,2,3.897,6.31999e+07,13,61,4.0679,0,0.000745888,0.00292556,0.000118036,2.64105e-06
95.7228,1,3.90226,6.31999e+07,13,61,4.07343,0,-4.01111e-05,0.00197626,0.000118072,5.82083e-07
95.8228,1,3.90034,6.31999e+07,13,61,4.07141,0,-1.21109e-05,0.00275089,0.000118154,1.3334e-06
95.9228,1,3.89872,6.31999e+07,13,61,4.06971,0,-0.000376111,0.00280575,0.000118286,1.96695e-06
96.0228,1,3.89714,6.31999e+07,13,61,4.06804,0,-0.00038711,0.00232122,0.000118414,2.58695e-06
96.1228,1,3.89354,6.31999e+07,13,61,4.06426,0,0.000611888,0.00242009,0.000118632,3.99737e-06
96.2228,1,3.89334,6.31999e+07,13,61,4.06404,0,0.000357888,0.00212197,0.000118877,4.07584e-06
96.3228,1,3.89679,6.31999e+07,13,61,4.06768,0,0.000138888,0.00228194,0.000118992,2.72308e-06
96.4228,1,3.90082,6.31999e+07,13,61,4.07191,0,-8.21116e-05,0.00220474,0.000119053,1.14715e-06
96.5228,1,3.89961,6.31999e+07,13,61,4.07065,0,0.000879888,0.00256666,0.000119091,1.61761e-06
96.6228,1,3.89717,6.31999e+07,13,61,4.06808,0,-0.00014211,0.00235135,0.00011925,2.57433e-06
96.7228,1,3.89605,6.31999e+07,13,61,4.0669,0,-0.00061911,0.0024261,0.000119434,3.01291e-06
96.8228,1,3.9024,6.31999e+07,13,61,4.07358,0,7.88904e-06,0.00240652,0.000119459,5.29003e-07
96.9228,1,3.89526,6.31999e+07,13,61,4.06607,0,-0.00130411,0.00269932,0.000119587,3.32262e-06
97.0228,1,3.89159,6.31999e+07,13,61,4.0622,0,0.000549888,0.00273139,0.000119739,4.762e-06
97.1228,1,3.89591,6.31999e+07,13,61,4.06675,0,0.00110789,0.00280401,0.000119902,3.06754e-06
97.2228,1,3.90136,6.31999e+07,13,61,4.07248,0,6.08889e-05,0.00191372,0.000120002,9.3548e-07
97.3228,1,3.89574,6.31999e+07,13,61,4.06657,0,2.88893e-05,0.00234304,0.000120154,3.1359e-06
97.4228,1,3.89368,6.31999e+07,13,61,4.0644,0,-0.00032811,0.00236996,0.000120344,3.94356e-06
97.5228,1,3.89921,6.31999e+07,13,61,4.07023,0,4.88888e-05,0.00223079,0.000120407,1.77443e-06
97.6228,1,3.88192,6.31999e+07,13,61,4.05202,0,0.000881887,0.00223724,0.000120712,8.56715e-06
97.7228,1,3.90067,6.31999e+07,13,61,4.07176,0,0.000250888,0.00219457,0.000120815,1.20538e-06
97.8228,1,3.90054,6.31999e+07,13,61,4.07162,0,4.58895e-05,0.00227346,0.000120859,1.25646e-06
97.9228,1,3.89882,6.31999e+07,13,61,4.06981,0,-0.000762111,0.00229704,0.00012102,1.9296e-06
98.0228,1,3.89617,6.31999e+07,13,61,4.06702,0,0.000369889,0.0025835,0.000121165,2.96868e-06
98.1228,1,3.88331,6.31999e+07,13,61,4.05349,0,-0.000753109,0.00266948,0.000121502,8.01751e-06
98.2228,1,3.90158,6.31999e+07,13,61,4.07271,0,0.000464888,0.00223382,0.000121496,8.49498e-07
98.3228,1,3.89759,6.31999e+07,13,61,4.06852,0,-0.000572111,0.00226619,0.00012166,2.41006e-06
98.4228,1,3.89434,6.31999e+07,13,61,4.0651,0,-0.000139112,0.00242047,0.000121864,3.68288e-06
98.5228,1,3.89429,6.31999e+07,13,61,4.06504,0,-0.000869109,0.00259497,0.000122083,3.70582e-06
98.6228,1,3.89553,6.31999e+07,13,61,4.06635,0,3.38887e-05,0.00189448,0.000122228,3.21788e-06
98.7228,1,3.89848,6.31999e+07,13,61,4.06945,0,-0.000201111,0.00237572,0.000122317,2.06316e-06
98.8228,1,3.90157,6.31999e+07,13,61,4.07271,0,-0.000319111,0.00198265,0.000122359,8.51623e-07
98.9228,1,3.88432,6.31999e+07,13,61,4.05455,0,0.000325887,0.00219682,0.000122604,7.61949e-06
99.0228,1,3.89583,6.31999e+07,13,61,4.06666,0,-0.00081211,0.00258979,0.000122776,3.10135e-06
99.1228,1,3.89668,6.31999e+07,13,61,4.06755,0,0.000689887,0.00241814,0.000122906,2.76836e-06
99.2228,0,3.89822,6.19359e+07,13,60,4.06918,0,-0.000115111,0.00244763,0.000123058,2.16302e-06
99.3228,0,3.89641,6.06972e+07,13,59,4.06727,0,3.88884e-05,0.00203563,0.000123213,2.87389e-06
99.4228,0,3.89888,5.94832e+07,12,57,4.07251,0,-0.00056711,0.00197364,0.000123309,9.26084e-07
99.5228,1,3.895,5.94832e+07,12,57,4.06843,0,0.000338888,0.0023465,0.000123422,2.44428e-06
99.6228,1,3.89466,5.94832e+07,12,57,4.06806,0,3.48883e-05,0.002437,0.000123616,2.58051e-06
99.7228,1,3.89583,5.94832e+07,12,57,4.06929,0,-0.000107111,0.00277804,0.000123693,2.12156e-06
99.8228,1,3.89843,5.94832e+07,12,57,4.07203,0,4.88891e-05,0.00183312,0.000123772,1.10462e-06
99.9228,1,3.88615,5.94832e+07,12,57,4.05911,0,0.000945888,0.00243026,0.000123967,5.91835e-06
